Workbook

Sheet DataBase
A1: Customer ID | B1: Name | C1: Phone | D1: WhatsApp | E1: Area | F1: Address | G1: Location | H1: CreatedAt | I1: UpdatedAt | J1: IsActive | K1: Notes | L1: Round | M1: Round Status
M2: Inactive | N2: Inactive | O2: Active
A3: C1768653088625 | B3: Jasmine Behery | C3: 0529157624 | D3: 0529157624 | E3: Al danah | F3: شارع الكترا نفس بناية مطعم الابراهيمي شقة ٥٠٣ | G3: https://www.google.com/maps?q=24.488376387234172,54.36703744083892 | H3: 46039.647 | I3: 46160.602 | J3: TRUE
A4: C1768653219814 | B4: Hana | C4: 0523410536 | D4: 0523410536 | E4: ابو ظبي جزيرة الريم | F4: ابوظبي جزيرة الريم sea side tower 1206 | G4: https://www.google.com/maps?q=24.511217337965643,54.40646767616272 | H4: 46039.648 | I4: 46131.497 | J4: TRUE
A5: C1768655293606 | B5: Naglaa Eslam | C5: 0555060297 | D5: 0555060297 | E5: خليفه أ | F5: ٩١ شارع الكهرمان خليفه خلف الفرسان مول | G5: https://www.google.com/maps?q=24.396056135766734,54.5660779698686 | H5: 46039.672 | I5: 46162.754 | J5: TRUE
A6: C1768658567561 | B6: ريهام احمد | C6: 0525336427 | D6: 0525336427 | E6: شارع الدفاع | F6: شارع الدفاع بجوار مستشفي برجيل بناية٤٤ شقة ٣٠٤ | G6: https://www.google.com/maps?q=24.48040447704474,54.38423241719683 | H6: 46039.71 | I6: 46155.581 | J6: TRUE
A7: C1768659646212 | B7: فاطمة جودة | C7: 0509795823 | D7: 0509795823 | E7: بني ياس | F7: شارع الحضرة فيلا ٧ | G7: https://www.google.com/maps?q=24.298819,54.6298218 | H7: 46039.723 | I7: 46154.662 | J7: TRUE | N7: Verified | O7: 24.298819 | P7: 54.629822 | Q7: https://www.google.com/maps?q=24.298819,54.6298218
A8: C1768662454832 | B8: نرفانا محمد عاطف | C8: 0569389602 | D8: 0565627871 | E8: شخبوط | F8: شخبوط شارع الجوهر فيلا رقم ٤٥٧ شقة رقم ٣ | G8: https://www.google.com/maps?q=24.3810557,54.6477616 | H8: 46039.755 | I8: 46039.81 | J8: TRUE
A9: C1768662888362 | B9: Aya yasser abdullah | C9: 0552947780 | D9: 0552947780 | E9: شخبوط | F9: 44 Al lidama st / shakhbout | G9: https://www.google.com/maps?q=24.382185,54.6476835 | H9: 46039.76 | I9: 46095.889 | J9: TRUE
A10: C1768662948033 | B10: علي الجالي | C10: 0505837318 | D10: 0505837318 | E10: الكورنيش | F10: ابوظبي منطقة الدانه الكورنيش خلف Fabبنك نفس بناية الرصاصي للعطور وبقالة الورقاء بناية رقم 22 الطابق16شقة 164 | G10: https://www.google.com/maps?q=24.4904815,54.3553056 | H10: 46039.761 | I10: 46151.631 | J10: TRUE
A11: C1768667938927 | B11: عبد الرحمن السيد | C11: 0503553750 | D11: 0542170740 | E11: الدانه | F11: ش الكترا عماره اطلس للسياحه أمام فندق كوبثورن الدور التاسع شقه ٤٠٩ | G11: https://www.google.com/maps?q=24.4886349,54.367739 | H11: 46039.819 | I11: 46158.669 | J11: TRUE
A12: C1768674193071 | B12: سمر وفيق محمد | C12: 0585990297 | D12: 0585990297 | E12: جزيره الريم | F12: جزيره الريم هورايزون تاور E2/1801 | G12: https://www.google.com/maps?q=24.49400590864592,54.40334300908227 | H12: 46039.891 | I12: 46160.54 | J12: TRUE
A13: C1768675057347 | B13: Adam mohamed | C13: 0565572507 | D13: 0565572507 | E13: خليفه ا | F13: ابو ظبي خليفه ا | G13: https://www.google.com/maps?q=24.4059824,54.5766658 | H13: 46039.901 | I13: 46154.333 | J13: TRUE
A14: C1768679601145 | B14: Rania | C14: 0554132107 | D14: 0554132107 | E14: الخالديه | F14: شارع الكترا بناية العديل 1504 | G14: https://www.google.com/maps?q=24.475874096409036,54.35152796896546 | H14: 46039.954 | I14: 46145.391 | J14: TRUE
A15: C1768681153002 | B15: مريم رشدى | C15: 0503049782 | D15: 0503049782 | E15: الروضه | F15: ش الغريفة بناية C83 استديو 217 | G15: https://www.google.com/maps?q=24.420550506051583,54.46312538079711 | H15: 46039.972 | I15: 46155.891 | J15: TRUE | N15: Verified | O15: 24.420551 | P15: 54.463125 | Q15: https://www.google.com/maps?q=24.420550506051583,54.46312538079711
A16: C1768686351531 | B16: دعاء صالح | C16: 0503844380 | D16: 0503844380 | E16: شارع النجده | F16: شارع للنجده | G16: https://www.google.com/maps?q=24.4839715,54.3737652 | H16: 46040.032 | I16: 46144.599 | J16: TRUE
A17: C1768688109796 | B17: نورا هيكل | C17: 0502057406 | D17: 0502057406 | E17: الخالديه | F17: الخالديه.خلف مصرف عجمان.شارع اهل المجد.بنايه ٢٧.نفس بنايه فلانتين فلاور للزهور .شقه ٢٠٤ | G17: https://www.google.com/maps?q=24.4709703,54.348119 | H17: 46040.052 | I17: 46160.635 | J17: TRUE
A18: C1768692183021 | B18: معاذ | C18: 0506449502 | D18: 0506449502 | E18: بني ياس شرق 11 | F18: فيلا 287 بجانب فيلا 16. شارع المديفي بني ياس شرق 11 ابوظبي | G18: https://www.google.com/maps?q=24.30272614252692,54.665250525619385 | H18: 46040.099 | I18: 46124.957 | J18: TRUE
A19: C1768720835093 | B19: Shimaa Rubishy | C19: 0522248847 | D19: 0522248847 | E19: Reem island | F19: Marina square, building 5,2804 | G19: https://www.google.com/maps?q=24.491903455104953,54.3945336341858 | H19: 46040.431 | I19: 46145.662 | J19: TRUE
A20: C1768724038057 | B20: Amr Gamal | C20: 0561628421 | D20: 0561628421 | E20: Rabdan | F20: Abu Dhabi-Rabdan-25Ash shabaqi st | G20: https://www.google.com/maps?q=24.39945190748372,54.51725059485866 | H20: 46040.468 | I20: 46040.473 | J20: TRUE
A21: C1768734061541 | B21: Nourhan Tharwat | C21: 0543380860 | D21: 0543380860 | E21: الزاهيه | F21: شارع المينا بنايه النعيمي رقم 1 نفس بنايه صيدليه الافضل وبقاله أبو محمود الطابق العاشر شقه رقم 1003 | G21: https://www.google.com/maps?q=24.501827903456647,54.37353646634361 | H21: 46040.584 | I21: 46146.735 | J21: TRUE
A22: C1768735666922 | B22: Shima | C22: 0558106715 | D22: 0558106715 | E22: الخالديه | F22: 43 شارع زايد الاول مبني سيتي ون موبيل شوب بجوار km شقه 201 | G22: https://www.google.com/maps?q=24.474705582824225,54.35060262680053 | H22: 46040.603 | I22: 46160.712 | J22: TRUE
A23: C1768736034463 | B23: RIHAM FAYED | C23: 0561429142 | D23: 0561429142 | E23: الشامخه ايوظبي | F23: الشامخة ١٧ شارع الزناد ملحق فيلا ٢٠ شفه ١ | G23: https://www.google.com/maps?q=24.3776618,54.7038044 | H23: 46040.607 | I23: 46151.61 | J23: TRUE
A24: C1768741994250 | B24: اسماء عيد | C24: 0544990406 | D24: 0544990406 | E24: بني ياس غرب 2 | F24: Baniyas West 2, 502, Building 262 | G24: https://www.google.com/maps?q=24.2942413364381,54.625878274418945 | H24: 46040.676 | I24: 46060.088 | J24: TRUE
A25: C1768749793555 | B25: هند المنشاوي | C25: 0559730049 | D25: 0559730049 | E25: بني ياس شرق ١ | F25: فيلا 88 الغابات القديمة بني ياس شارع المويجعي | G25: https://www.google.com/maps?q=24.31961788714769,54.615672826003 | H25: 46040.766 | I25: 46151.562 | J25: TRUE
A26: C1768753558875 | B26: Asmaa Ismail | C26: 0507454979 | D26: 0507454979 | E26: الشامخه | F26: الشامخه نفس اللوكيشن البنايه الخضراء | G26: https://www.google.com/maps?q=24.3869237,54.7153942 | H26: 46040.81 | I26: 46124.653 | J26: TRUE
A27: C1768753659322 | B27: محمد احمد | C27: 0528005162 | D27: 0559104514 | E27: المناصير | F27: المناصير شارع الفكر بناية ١٣ | G27: https://www.google.com/maps?q=24.4604924,54.3607518 | H27: 46040.811 | I27: 46158.965 | J27: TRUE
... A69: C1770303917569 | B69: Ahmed Gamal | C69: 0589634511 | D69: 0589634511 | E69: المشرف | F69: المشرف شارع الورد فيلا ٨٨ غرفة ٨ | G69: https://www.google.com/maps?q=24.4344584,54.401376 | H69: 46058.754 | I69: 46157.579 | J69: TRUE
A70: C1770303918569 | B70: عمر سليمان | C70: 0505801401 | D70: 0505801401 | E70: الكورنيش | F70: ابو ظبي الكورنيش خلف برج بينونة بناية 26 شقة 1501 | G70: https://www.google.com/maps?q=24.481979370117188,54.350242614746094 | I70: 46155.965
A71: C1770304580861 | B71: ايمان يوسف | C71: 0547612588 | D71: 0547612588 | E71: الشوامخ | F71: شوامخ 5قريب اللولو | G71: https://www.google.com/maps?q=24.346395900789,54.64706009484143 | H71: 46058.761 | I71: 46159.075 | J71: TRUE
A72: C1770305665632 | B72: نور الهدي عزت | C72: 0507302615 | D72: 0507302615 | E72: مدينة خليفة | F72: عمارات الاتحاد بلازا شارع المريف عمارة رقم C64 شقة 602 | G72: https://www.google.com/maps?q=24.44385204922594,54.61288605394732 | H72: 46058.774 | I72: 46074.796 | J72: TRUE
A73: C1770305665633 | B73: تقي خالد ابراهيم | C73: 0545592383 | D73: 0545592383 | E73: مصفح | F73: ابوظبي/شعبيه١٢/ مبني ٢٧٧ / شقه ٦٠٤ | G73: https://www.google.com/maps?q=24.318532943725586,54.537132263183594 | I73: 46160.762
A74: C1770306711005 | B74: عبدالرحمن السعودى | C74: 0552061749 | D74: 0552061749 | E74: الشهامه الجديده | F74: 2شارع الاخيل -ملحق فيلا 233 -الطابق الاخير -شقة 105 | G74: https://www.google.com/maps?q=24.536588668823242,54.68614196777344 | H74: 46058.786 | I74: 46058.786 | J74: TRUE
A75: C1770307868364 | B75: كريم علي | C75: 0505133865 | D75: 0505133865 | E75: جزيرة الريم | F75: مانجروف بالاس شقه ٨٢١ | G75: https://www.google.com/maps?q=24.496540069580078,54.408409118652344 | H75: 46058.799 | I75: 46058.879 | J75: TRUE
A76: C1770308402737 | B76: Eman Raafat | C76: 0554674936 | D76: 0554674936 | E76: Al Dhana | F76: flat 701. Burj Al souq building, behind WTC mall corniche side. Same building of Global dry clean | G76: https://www.google.com/maps?q=24.489546362342328,54.35587070993883 | H76: 46058.806 | I76: 46146.785 | J76: TRUE
A77: C1770309813167 | B77: محمد الدالي | C77: 0568007221 | D77: 0568007221 | E77: الخالدية | F77: ابو ظبي الخالديه شارع الفلاح فيلا ٦ غرفه ١٠ | G77: https://www.google.com/maps?q=24.463097361118965,54.350282867429875 | H77: 46058.822 | I77: 46058.826 | J77: TRUE
A78: C1770310815685 | B78: ندى هشام | C78: 0582002273 | D78: 0582002273 | E78: محمد بن زايد | F78: العنوان ابوظبي محمد بن زايد حوض ٢٧ فيلا ٤٧ | G78: https://www.google.com/maps?q=24.310261,54.539455 | H78: 46058.833 | I78: 46129.761 | J78: TRUE
A79: C1770315803072 | B79: سعاد شبل | C79: 0547669820 | D79: 0547669820 | E79: مدينه مصدر | F79: تاون هاوس 35، ذا جيت، مصدر ، ابو ظبي | G79: https://www.google.com/maps?q=24.4366151,54.6181868 | H79: 46058.891 | I79: 46138.493 | J79: TRUE
A80: C1770317077469 | B80: رباب عبد الرحمن | C80: 0505805381 | D80: 0505805381 | E80: ال نهيان | F80: ال نهيان تنكر المياة / شارع الغلا بناية رقم ٦ بناية مطعم نسائم النيلين/ شقة ٣٠٤ | G80: https://www.google.com/maps?q=24.462725234516206,54.382288793354874 | H80: 46058.906 | I80: 46151.599 | J80: TRUE
A81: C1770317280844 | B81: شروق خليل | C81: 0507113904 | D81: 0507113904 | E81: كورنيش ابوظبي | F81: كورنيش تقاطع الخليج العربي بناية زادكو بلوكD شقه 904 | G81: https://www.google.com/maps?q=24.47131165461526,54.34203693592048 | H81: 46058.908 | I81: 46059.872 | J81: TRUE
A82: C1770317721268 | B82: زياد أحمد | C82: 0509093329 | D82: 0509093329 | E82: الباهية | F82: أبوظبى الباهية خلف حديقة الحيوانات | G82: https://www.google.com/maps?q=24.5490176,54.6742887 | H82: 46058.913 | I82: 46150.021 | J82: TRUE
A83: C1770320680582 | B83: Sara elbehery | C83: 0505817019 | D83: 0505817019 | E83: المشرف | F83: منقطة المشرف مول شارع الرمله فيلا 62 شقة 2 | G83: https://www.google.com/maps?q=24.429510607168442,54.417650946405594 | H83: 46058.948 | I83: 46145.929 | J83: TRUE
A84: C1770323396310 | B84: مروه حجازي | C84: 0567785749 | D84: 0567785749 | E84: بني ياس | F84: بتي ياس شرق ١٣ شارع النجده فيلا رقم ٤٢ | G84: https://www.google.com/maps?q=24.284021377563477,54.66059875488281 | H84: 46058.979 | I84: 46059.251 | J84: TRUE
A85: C1770375577552 | B85: على سند | C85: 0501585452 | D85: 0501585452 | E85: ابوظبى الخالديه | F85: ١٥٠٢ الخالديه بالاس d كورنيش ابوظبى امام قصر الامارات | G85: https://www.google.com/maps?q=24.457252856682956,54.31850373543207 | H85: 46059.583 | I85: 46137.68 | J85: TRUE
... A98: C1770401917414 | B98: آيات سمير عبد العزيز | C98: 0522314152 | D98: 0522314152 | E98: النادي السياحي | F98: النادي السياحي الزاهية خلف بناية سيدار سابقاً بناية عمر شقة 1506 | G98: https://www.google.com/maps?q=24.5026717,54.3778221 | H98: 46059.888 | I98: 46059.89 | J98: TRUE
A99: C1770404787698 | B99: Esraa Abdelaziz | C99: 0567060227 | D99: 0567060227 | E99: مدينة خليفة | F99: ابوظبى مدينة خليفة أ خلف الفرسان مول فيلا رقم ٩٣ الدور الاول شقة رقم ٥ | G99: https://www.google.com/maps?q=24.407829325295552,54.5653016169153 | H99: 46059.921 | I99: 46144.956 | J99: TRUE | N99: Verified | O99: 24.407829 | P99: 54.565302 | Q99: https://www.google.com/maps?q=24.407829325295552,54.5653016169153
A100: C1770406340910 | B100: Hanan Gamal | C100: 0557162671 | D100: 0557162671 | E100: Al Nahyan | F100: Al Jimi Street, Dusit Thani Complex Block A 1607 | G100: https://www.google.com/maps?q=24.455645139757596,54.39597541868014 | H100: 46059.939 | I100: 46159.391 | J100: TRUE
A101: C1770407598915 | B101: نرمين غانم | C101: 0568449112 | D101: 0568449112 | E101: الشامخه | F101: شارع القناعة فيلا رقم 10 بوابة صغيرة الدور الاول الباب المقابل للسلم | G101: https://www.google.com/maps?q=24.3941969,54.7138706 | H101: 46059.954 | I101: 46095.677 | J101: TRUE
A102: C1770407988101 | B102: دعاء زهران | C102: 0565617921 | D102: 0565617921 | E102: شارع المطار | F102: ابوظبي شارع المطار بناية بيبي شوب الطابق الرابع ٤٠١ | G102: https://www.google.com/maps?q=24.479677811702995,54.36228080171098 | H102: 46059.958 | I102: 46059.969 | J102: TRUE
A103: C1770409570825 | B103: ياسين | C103: 0562221503 | D103: 0562221503 | E103: الوحدة مول | F103: الوحدة رزدنشيال تاور بجوار فندق ميلينيوم الوحدة شقة 1205 | G103: https://www.google.com/maps?q=24.471886074971458,54.374371046160974 | H103: 46059.976 | I103: 46075.996 | J103: TRUE
A104: C1770409836502 | B104: احمد رشاد | C104: 0527124362 | D104: 0527124362 | E104: مصفح | F104: ابو ظبي مصفح شعبية 12 بناية 207 شقة 103 | G104: https://www.google.com/maps?q=24.318943444833746,54.537442028970794 | H104: 46059.98 | I104: 46089.014 | J104: TRUE
A105: C1770412918700 | B105: Heba Motawea | C105: 0564507569 | D105: 0564507569 | E105: شخبوط | F105: شخبوط أبوظبي | G105: https://www.google.com/maps?q=24.3795837,54.6433836 | H105: 46060.015 | I105: 46162.337 | J105: TRUE
A106: C1770414009947 | B106: karim | C106: 0566708655 | D106: 0566708655 | E106: جزيره الريم | F106: مارينا دماك شقه ٩٠٨ جزيره الريم | G106: https://www.google.com/maps?q=24.484963646003283,54.4041744597899 | H106: 46060.028 | I106: 46060.034 | J106: TRUE
A107: C1770447928263 | B107: مروه حسين | C107: 0567924333 | D107: 0567924333 | E107: الزاهية | F107: الزاهيه خلف فندق نهال بجوار سوبر ماركت الامارات السبع-بنايه تاس ترافل رقم 2 شقه 603 | G107: https://www.google.com/maps?q=24.49895477294922,54.37327194213867 | H107: 46060.42 | I107: 46137.979 | J107: TRUE
A108: C1770456223237 | B108: ريهام محمود | C108: 0508435088 | D108: 0508435088 | E108: مدينة الرياض. | F108: مدينة الرياض. فيلا ١٠ _ الدور الاول | G108: https://www.google.com/maps?q=24.3648776,54.7466072 | H108: 46060.516 | I108: 46131.855 | J108: TRUE
A109: C1770471059339 | B109: نورهان | C109: 0507226802 | D109: 0507226802 | E109: الشامخة | F109: فيلا 4 امام مطعم سراج الشامخه ابوظبي | G109: https://www.google.com/maps?q=24.3823036,54.7026194 | H109: 46060.688 | I109: 46060.72 | J109: TRUE
A110: C1770478341489 | B110: رويدا تميم | C110: 0501221989 | D110: 0501221989 | E110: الكورنيش | F110: Bateen st. Khalidiya palace, block c, flat 508 | G110: https://www.google.com/maps?q=24.456756591796875,54.31947326660156 | H110: 46060.772 | I110: 46090.545 | J110: TRUE
A111: C1770481174599 | B111: Yusef Mohamed | C111: 0502571387 | D111: 0502571387 | E111: شارع النجدة | F111: شارع النجدة برج ناهل نفس بناية اكسترا كير ميديكال سنتر | G111: https://www.google.com/maps?q=24.487424794735873,54.373275842214106 | H111: 46060.805 | I111: 46151.742 | J111: TRUE
... A172: C1776410648055 | B172: زاهر علي | C172: 0544783922 | D172: 0544783922 | E172: الشوامخ | F172: الشوامخ أبو ظبي | G172: https://www.google.com/maps?q=24.4311324,54.404712 | H172: 46129.433 | I172: 46129.433 | J172: TRUE
A173: C1776512978406 | B173: فاطمه | C173: 0581257017 | D173: 0581257017 | E173: بني ياس | F173: بني ياس الغابات شارع المويجعي فيلا 72 | G173: https://www.google.com/maps?q=24.31905160812305,54.614734315080874 | H173: 46130.659 | I173: 46130.66 | J173: TRUE | N173: Verified | O173: 24.319052 | P173: 54.614734 | Q173: https://www.google.com/maps?q=24.31905160812305,54.614734315080874
A174: C1776515181712 | B174: نسمة السعيد السعيد | C174: 0561701325 | D174: 0561701325 | E174: شارع المطار | F174: شارع المطار تحتي محمصة الأمراء | G174: https://www.google.com/maps?q=24.4595001,54.381497 | H174: 46130.685 | I174: 46149.966 | J174: TRUE | N174: Verified | O174: 24.4595 | P174: 54.381497 | Q174: https://www.google.com/maps?q=24.4595001,54.381497
A175: C1776515849146 | B175: هاجر محمد | C175: 0502358249 | D175: 0502358249 | E175: ربدان | F175: ربدان /شارع اللزيمة /فيلا 40/الدور الثاني شقة 29 | G175: https://www.google.com/maps?q=24.4018107,54.519146 | H175: 46130.693 | I175: 46161.98 | J175: TRUE | N175: Verified | O175: 24.401811 | P175: 54.519146 | Q175: https://www.google.com/maps?q=24.4018107,54.519146
A176: C1776524582093 | B176: علي احمد علي سليمان | C176: 0507725291 | D176: 0507725291 | E176: شارع المرور | F176: شارع المرور الشرقي النهيان | G176: https://www.google.com/maps?q=24.4564229,54.3908429 | H176: 46130.794 | I176: 46156.446 | J176: TRUE | N176: Verified | O176: 24.456423 | P176: 54.390843 | Q176: https://www.google.com/maps?q=24.4564229,54.3908429
A177: C1776540785227 | B177: لينا حسام نمر عيسى | C177: 0521799535 | D177: 0521799535 | E177: الخالدية | F177: الخالدية - بناية مارني كوفي مقابل مطعم الريان- بناية رقم 18 شقة 103 | G177: https://www.google.com/maps?q=24.470844819641226,54.347537898025884 | H177: 46130.981 | I177: 46130.982 | J177: TRUE | N177: Verified | O177: 24.470845 | P177: 54.347538 | Q177: https://www.google.com/maps?q=24.470844819641226,54.347537898025884
A178: C1776615694319 | B178: Zahra | C178: 0542458946 | D178: 0542458946 | E178: شخبوط | F178: حوض ٢٢ شارع اليدمة مجمع ١٤ فيلا ٦ شقة ٦ الشخبوط ابوظبي | G178: https://www.google.com/maps?q=24.380355,54.6460511 | H178: 46131.848 | I178: 46152.7 | J178: TRUE | N178: Verified | O178: 24.380355 | P178: 54.646051 | Q178: https://www.google.com/maps?q=24.380355,54.6460511
A179: C1776633916549 | B179: Aya | C179: 0585284234 | D179: 0585284234 | E179: المقطع | F179: بين الجسرين شارع ام عشر بالقرب من توكيل bmw | G179: https://www.google.com/maps?q=24.413685,54.495136 | H179: 46132.059 | I179: 46162.799 | J179: TRUE | N179: Verified | O179: 24.488378 | P179: 54.36701 | Q179: https://www.google.com/maps?q=24.488377867585715,54.367009850610614
A180: C1776766825504 | B180: Samar | C180: 0551452306 | D180: 0551452306 | E180: Reem island | F180: Al Reem Island, Marina square, building 04- apartment 605 | G180: https://www.google.com/maps?q=24.49321174621582,54.3942756652832 | H180: 46133.598 | I180: 46140.943 | J180: TRUE | N180: Verified | O180: 24.488372 | P180: 54.367044 | Q180: https://www.google.com/maps?q=24.488371589473537,54.367044254513516
A181: C1776776178650 | B181: Maha | C181: 0551997963 | D181: 0551997963 | E181: الراحه | F181: شاطئ الراحة-المنيره-الندى ١ بلوك B شقه 505 | G181: https://www.google.com/maps?q=24.449356895478534,54.60404634475709 | H181: 46133.706 | I181: 46133.707 | J181: TRUE | N181: Verified | O181: 24.449357 | P181: 54.604046 | Q181: https://www.google.com/maps?q=24.449356895478534,54.60404634475709
A182: C1776780516941 | B182: Ghada ahmed | C182: 0502229435 | D182: 0502229435 | E182: المشرف | F182: Abu Dhabi Al dafra street | G182: https://www.google.com/maps?q=24.4430412,54.4178762 | H182: 46133.756 | I182: 46133.756 | J182: TRUE | N182: Verified | O182: 24.443041 | P182: 54.417876 | Q182: https://www.google.com/maps?q=24.4430412,54.4178762
A183: C1776871600992 | B183: Noha | C183: 0566594837 | D183: 0566594837 | E183: Tourist club | F183: 16 Al Fakhr street . Al Zaby’s | G183: https://www.google.com/maps?q=24.49899559076929,54.37477022409441 | H183: 46134.81 | I183: 46135.336 | J183: TRUE | N183: Verified | O183: 24.498996 | P183: 54.37477 | Q183: https://www.google.com/maps?q=24.49899559076929,54.37477022409441
A184: C1776884700619 | B184: ملك عمرو | C184: 0523020946 | D184: 0523020946 | E184: امام شارع الدفاع | F184: شارع الفلاح مقابل وير مارت بنايه فريش بالاس الطابق 1408 | G184: https://www.google.com/maps?q=24.476906066431106,54.367972972393915 | H184: 46134.962 | I184: 46161.675 | J184: TRUE | N184: Verified | O184: 24.476906 | P184: 54.367973 | Q184: https://www.google.com/maps?q=24.476906066431106,54.367972972393915
... A230: C1779191613438 | B230: ساره ذكى | C230: 0569233207 | D230: 0569233207 | E230: ابو ظبى | F230: مدينه الرياض فيلا ٢٦ملحق رقم ٣ | G230: https://www.google.com/maps?q=24.333568155473717,54.71084769152754 | H230: 46161.662 | I230: 46161.664 | J230: TRUE | N230: Verified | O230: 24.333568 | P230: 54.710848 | Q230: https://www.google.com/maps?q=24.333568155473717,54.71084769152754

Sheet AlRoknAlMasry

Sheet Orders
A1: OrderID | B1: CustomerID | C1: Items | D1: Name | E1: Phone | F1: OrderDate | G1: Status | H1: OrderDate

Sheet AlFayoumi
A1: OrderID | B1: CustomerID | C1: Items | D1: Name | E1: Phone | F1: OrderDate | G1: Status | H1: OrderDate
A2: O1779018370262 | B2: C1776884700619 | C2: 20 دجاجه وزن ١٢٠٠ سعر الدجاجه ٢٠ درهم كل دجاجه لحالها | D2: ملك عمرو | E2: 0523020946 | F2: 46159.657 | G2: تم التحديث | H2: 46161.675 | J2: https://www.google.com/maps?q=24.476906066431106,54.367972972393915 | O2: fayoumi
A3: O1779191777788 | B3: C1779191613438 | C3: 6فرخات بيضه وزن. ١٢٠٠ | D3: ساره ذكى | E3: 0569233207 | F3: 46161.664 | G3: جديد | H3: 46161.664 | J3: https://www.google.com/maps?q=24.333568155473717,54.71084769152754 | O3: fayoumi
A4: O1779192174812 | B4: C1778181837755 | C4: 12دجاجة وزن 1200سعر 20درهم | D4: هاجر السيد | E4: 0508168275 | F4: 46161.669 | G4: جديد | H4: 46161.669 | J4: https://www.google.com/maps?q=24.32160286901728,54.62401405136186 | O4: fayoumi
A5: O1779192335543 | B5: C1768653088625 | C5: عوزه 10فرخات 1500الي 1600 2كيلو رجول | D5: شيماء | E5: 0529157624 | F5: 46161.67 | G5: جديد | H5: 46161.67 | J5: https://www.google.com/maps?q=24.489808806913402,54.379773574784124 | O5: fayoumi
A6: O1779192763177 | B6: C1778325015999 | C6: عدد 5 دجاج ابيضّ وزن 1200 كيلو بانيه كل نص لوحده كيلو صدور بدون عظم كل نصف لوحده | D6: Esraa Elwakel | E6: 0528204091 | F6: 46161.675 | G6: جديد | H6: 46161.675 | J6: https://www.google.com/maps?q=24.405996821373577,54.517312166606 | O6: fayoumi
A7: O1779196437405 | B7: C1769324778781 | C7: ٤ كيلو بانيه مش متقطع ٤ كيلو اوراك وزن ١٥٠٠ كل كيلو لوحده | D7: Eman Elkoumy | E7: 0529391713 | F7: 46161.718 | G7: جديد | H7: 46161.718 | J7: https://www.google.com/maps?q=24.4907523,54.4000173 | O7: fayoumi
A8: O1779206737453 | B8: C1778243253026 | C8: ١٢ دجاجه بيضا وزن ١٢٠٠ | D8: دعاء صالح | E8: 0557827324 | F8: 46161.837 | G8: جديد | H8: 46161.837 | J8: https://www.google.com/maps?q=24.4839877,54.3736343 | O8: fayoumi
A9: O1779219097726 | B9: C1776515849146 | C9: ٥ فراخ أبيض وزن 1700_1800 نص كيلو رجل | D9: هاجر محمد | E9: 0502358249 | F9: 46161.98 | G9: جديد | H9: 46161.98 | J9: https://www.google.com/maps?q=24.4018107,54.519146 | O9: fayoumi
A10: O1779249920181 | B10: C1770412918700 | C10: ٥ دجاج أبيض من ١٥٠٠-١٦٠٠ | D10: Heba Motawea | E10: 0564507569 | F10: 46162.337 | G10: جديد | H10: 46162.337 | J10: https://www.google.com/maps?q=24.3795837,54.6433836 | O10: fayoumi
A11: O1779285905718 | B11: C1768655293606 | C11: 3 فراخات 1200 جرام | D11: Naglaa Eslam | E11: 0555060297 | F11: 46162.753 | G11: جديد | H11: 46162.753 | J11: https://www.google.com/maps?q=24.396056135766734,54.5660779698686 | O11: fayoumi
A12: O1779289844939 | B12: C1776633916549 | C12: ٢ كيلو صدور سليمه مش متقطعه ٣ فرخات من ١٧٠٠الي ١٨٠٠ | D12: Aya | E12: 0585284234 | F12: 46162.799 | G12: جديد | H12: 46162.799 | J12: https://www.google.com/maps?q=24.413685,54.495136 | O12: fayoumi
N15: 2 جوز حمام وفردة حمام ٢ ديك بلدي يكونوا ١٥٠٠ ديك ابيض ١٦٠٠ يتقطع ٨ قطع كيلو بانيه يكون رفيع نصف كيلو كبد وقوانص
N16: اللي كانت طالبه 35 دجاجة خليتهم 20 بس

Sheet Workspace
A1: OrderID | B1: CustomerID | C1: Order | D1: Mobile | E1: Name | F1: Area | G1: Address | H1: Location | I1: Sep-Text | J1: Oroder | L1: Order | M1: Name | N1: Name
A2: =#REF! -> #REF! | B2: =#REF! -> #REF! | C2: =IFERROR(VLOOKUP(B2, Routes!B:G, 6, FALSE), "") | D2: =VLOOKUP(A2, Orders!A:O, 5, FALSE) -> #REF! | E2: =VLOOKUP(A2, Orders!A:O, 4, FALSE) -> #REF! | F2: =IFERROR(VLOOKUP(B2, DataBase!A:O, 5, FALSE), "No Order Found") -> No Order Found | G2: =IFERROR(VLOOKUP(B2, DataBase!A:O, 6, FALSE), "No Order Found") -> No Order Found | H2: =IFERROR(VLOOKUP(B2, DataBase!A:O, 7, FALSE), "No Order Found") -> No Order Found | I2: الاوردر👇 | J2: =IFERROR(VLOOKUP(A2, Orders!A:O, 3, FALSE), "No Order Found") -> No Order Found | K2: ="🧾 رقم " & C2 & CHAR(10) & "📞 " & D2 & CHAR(10) & "👤 " & E2 & CHAR(10) & "📍 " & F2 & " - " & G2 & CHAR(10) & "🗺️ " & H2 & CHAR(10) & "🛒 الاوردر 👇" & CHAR(10) & J2 & CHAR(10) & "---------------------------" -> #REF! | L2: 12 | M2: فاطمه ماهر | N2: محمد النجار
A3: =#REF! -> #REF! | B3: =#REF! -> #REF! | C3: =IFERROR(VLOOKUP(B3, Routes!B:G, 6, FALSE), "") | D3: =VLOOKUP(A3, Orders!A:O, 5, FALSE) -> #REF! | E3: =VLOOKUP(A3, Orders!A:O, 4, FALSE) -> #REF! | F3: =IFERROR(VLOOKUP(B3, DataBase!A:O, 5, FALSE), "No Order Found") -> No Order Found | G3: =IFERROR(VLOOKUP(B3, DataBase!A:O, 6, FALSE), "No Order Found") -> No Order Found | H3: =IFERROR(VLOOKUP(B3, DataBase!A:O, 7, FALSE), "No Order Found") -> No Order Found | I3: الاوردر👇 | J3: =IFERROR(VLOOKUP(A3, Orders!A:O, 3, FALSE), "No Order Found") -> No Order Found | K3: ="🧾 رقم " & C3 & CHAR(10) & "📞 " & D3 & CHAR(10) & "👤 " & E3 & CHAR(10) & "📍 " & F3 & " - " & G3 & CHAR(10) & "🗺️ " & H3 & CHAR(10) & "🛒 الاوردر 👇" & CHAR(10) & J3 & CHAR(10) & "---------------------------" -> #REF! | L3: 6 | M3: ريهام احمد | N3: Shimaa Rubishy
A4: =#REF! -> #REF! | B4: =#REF! -> #REF! | C4: =IFERROR(VLOOKUP(B4, Routes!B:G, 6, FALSE), "") | D4: =VLOOKUP(A4, Orders!A:O, 5, FALSE) -> #REF! | E4: =VLOOKUP(A4, Orders!A:O, 4, FALSE) -> #REF! | F4: =IFERROR(VLOOKUP(B4, DataBase!A:O, 5, FALSE), "No Order Found") -> No Order Found | G4: =IFERROR(VLOOKUP(B4, DataBase!A:O, 6, FALSE), "No Order Found") -> No Order Found | H4: =IFERROR(VLOOKUP(B4, DataBase!A:O, 7, FALSE), "No Order Found") -> No Order Found | I4: الاوردر👇 | J4: =IFERROR(VLOOKUP(A4, Orders!A:O, 3, FALSE), "No Order Found") -> No Order Found | K4: ="🧾 رقم " & C4 & CHAR(10) & "📞 " & D4 & CHAR(10) & "👤 " & E4 & CHAR(10) & "📍 " & F4 & " - " & G4 & CHAR(10) & "🗺️ " & H4 & CHAR(10) & "🛒 الاوردر 👇" & CHAR(10) & J4 & CHAR(10) & "---------------------------" -> #REF! | L4: 15 | M4: عمر سليمان | N4: حنان محمد
A5: =#REF! -> #REF! | B5: =#REF! -> #REF! | C5: =IFERROR(VLOOKUP(B5, Routes!B:G, 6, FALSE), "") | D5: =VLOOKUP(A5, Orders!A:O, 5, FALSE) -> #REF! | E5: =VLOOKUP(A5, Orders!A:O, 4, FALSE) -> #REF! | F5: =IFERROR(VLOOKUP(B5, DataBase!A:O, 5, FALSE), "No Order Found") -> No Order Found | G5: =IFERROR(VLOOKUP(B5, DataBase!A:O, 6, FALSE), "No Order Found") -> No Order Found | H5: =IFERROR(VLOOKUP(B5, DataBase!A:O, 7, FALSE), "No Order Found") -> No Order Found | I5: الاوردر👇 | J5: =IFERROR(VLOOKUP(A5, Orders!A:O, 3, FALSE), "No Order Found") -> No Order Found | K5: ="🧾 رقم " & C5 & CHAR(10) & "📞 " & D5 & CHAR(10) & "👤 " & E5 & CHAR(10) & "📍 " & F5 & " - " & G5 & CHAR(10) & "🗺️ " & H5 & CHAR(10) & "🛒 الاوردر 👇" & CHAR(10) & J5 & CHAR(10) & "---------------------------" -> #REF! | L5: 16 | M5: Safa fawal | N5: رانا يسري حسن
A6: =#REF! -> #REF! | B6: =#REF! -> #REF! | C6: =IFERROR(VLOOKUP(B6, Routes!B:G, 6, FALSE), "") | D6: =VLOOKUP(A6, Orders!A:O, 5, FALSE) -> #REF! | E6: =VLOOKUP(A6, Orders!A:O, 4, FALSE) -> #REF! | F6: =IFERROR(VLOOKUP(B6, DataBase!A:O, 5, FALSE), "No Order Found") -> No Order Found | G6: =IFERROR(VLOOKUP(B6, DataBase!A:O, 6, FALSE), "No Order Found") -> No Order Found | H6: =IFERROR(VLOOKUP(B6, DataBase!A:O, 7, FALSE), "No Order Found") -> No Order Found | I6: الاوردر👇 | J6: =IFERROR(VLOOKUP(A6, Orders!A:O, 3, FALSE), "No Order Found") -> No Order Found | K6: ="🧾 رقم " & C6 & CHAR(10) & "📞 " & D6 & CHAR(10) & "👤 " & E6 & CHAR(10) & "📍 " & F6 & " - " & G6 & CHAR(10) & "🗺️ " & H6 & CHAR(10) & "🛒 الاوردر 👇" & CHAR(10) & J6 & CHAR(10) & "---------------------------" -> #REF! | L6: 5 | M6: Mona | N6: د. إيمان الجندي
A7: =#REF! -> #REF! | B7: =#REF! -> #REF! | C7: =IFERROR(VLOOKUP(B7, Routes!B:G, 6, FALSE), "") | D7: =VLOOKUP(A7, Orders!A:O, 5, FALSE) -> #REF! | E7: =VLOOKUP(A7, Orders!A:O, 4, FALSE) -> #REF! | F7: =IFERROR(VLOOKUP(B7, DataBase!A:O, 5, FALSE), "No Order Found") -> No Order Found | G7: =IFERROR(VLOOKUP(B7, DataBase!A:O, 6, FALSE), "No Order Found") -> No Order Found | H7: =IFERROR(VLOOKUP(B7, DataBase!A:O, 7, FALSE), "No Order Found") -> No Order Found | I7: الاوردر👇 | J7: =IFERROR(VLOOKUP(A7, Orders!A:O, 3, FALSE), "No Order Found") -> No Order Found | K7: ="🧾 رقم " & C7 & CHAR(10) & "📞 " & D7 & CHAR(10) & "👤 " & E7 & CHAR(10) & "📍 " & F7 & " - " & G7 & CHAR(10) & "🗺️ " & H7 & CHAR(10) & "🛒 الاوردر 👇" & CHAR(10) & J7 & CHAR(10) & "---------------------------" -> #REF! | L7: 20 | M7: محمد احمد | N7: Nashwa
A8: =#REF! -> #REF! | B8: =#REF! -> #REF! | C8: =IFERROR(VLOOKUP(B8, Routes!B:G, 6, FALSE), "") | D8: =VLOOKUP(A8, Orders!A:O, 5, FALSE) -> #REF! | E8: =VLOOKUP(A8, Orders!A:O, 4, FALSE) -> #REF! | F8: =IFERROR(VLOOKUP(B8, DataBase!A:O, 5, FALSE), "No Order Found") -> No Order Found | G8: =IFERROR(VLOOKUP(B8, DataBase!A:O, 6, FALSE), "No Order Found") -> No Order Found | H8: =IFERROR(VLOOKUP(B8, DataBase!A:O, 7, FALSE), "No Order Found") -> No Order Found | I8: الاوردر👇 | J8: =IFERROR(VLOOKUP(A8, Orders!A:O, 3, FALSE), "No Order Found") -> No Order Found | K8: ="🧾 رقم " & C8 & CHAR(10) & "📞 " & D8 & CHAR(10) & "👤 " & E8 & CHAR(10) & "📍 " & F8 & " - " & G8 & CHAR(10) & "🗺️ " & H8 & CHAR(10) & "🛒 الاوردر 👇" & CHAR(10) & J8 & CHAR(10) & "---------------------------" -> #REF! | L8: 4 | M8: Intisar Alazzeh | N8: Rania
A9: =#REF! -> #REF! | B9: =#REF! -> #REF! | C9: =IFERROR(VLOOKUP(B9, Routes!B:G, 6, FALSE), "") | D9: =VLOOKUP(A9, Orders!A:O, 5, FALSE) -> #REF! | E9: =VLOOKUP(A9, Orders!A:O, 4, FALSE) -> #REF! | F9: =IFERROR(VLOOKUP(B9, DataBase!A:O, 5, FALSE), "No Order Found") -> No Order Found | G9: =IFERROR(VLOOKUP(B9, DataBase!A:O, 6, FALSE), "No Order Found") -> No Order Found | H9: =IFERROR(VLOOKUP(B9, DataBase!A:O, 7, FALSE), "No Order Found") -> No Order Found | I9: الاوردر👇 | J9: =IFERROR(VLOOKUP(A9, Orders!A:O, 3, FALSE), "No Order Found") -> No Order Found | K9: ="🧾 رقم " & C9 & CHAR(10) & "📞 " & D9 & CHAR(10) & "👤 " & E9 & CHAR(10) & "📍 " & F9 & " - " & G9 & CHAR(10) & "🗺️ " & H9 & CHAR(10) & "🛒 الاوردر 👇" & CHAR(10) & J9 & CHAR(10) & "---------------------------" -> #REF! | L9: 14 | M9: ابو سيف | N9: وهب
A10: =#REF! -> #REF! | B10: =#REF! -> #REF! | C10: =IFERROR(VLOOKUP(B10, Routes!B:G, 6, FALSE), "") | D10: =VLOOKUP(A10, Orders!A:O, 5, FALSE) -> #REF! | E10: =VLOOKUP(A10, Orders!A:O, 4, FALSE) -> #REF! | F10: =IFERROR(VLOOKUP(B10, DataBase!A:O, 5, FALSE), "No Order Found") -> No Order Found | G10: =IFERROR(VLOOKUP(B10, DataBase!A:O, 6, FALSE), "No Order Found") -> No Order Found | H10: =IFERROR(VLOOKUP(B10, DataBase!A:O, 7, FALSE), "No Order Found") -> No Order Found | I10: الاوردر👇 | J10: =IFERROR(VLOOKUP(A10, Orders!A:O, 3, FALSE), "No Order Found") -> No Order Found | K10: ="🧾 رقم " & C10 & CHAR(10) & "📞 " & D10 & CHAR(10) & "👤 " & E10 & CHAR(10) & "📍 " & F10 & " - " & G10 & CHAR(10) & "🗺️ " & H10 & CHAR(10) & "🛒 الاوردر 👇" & CHAR(10) & J10 & CHAR(10) & "---------------------------" -> #REF! | L10: 3 | M10: سمر وفيق محمد
A11: =#REF! -> #REF! | B11: =#REF! -> #REF! | C11: =IFERROR(VLOOKUP(B11, Routes!B:G, 6, FALSE), "") | D11: =VLOOKUP(A11, Orders!A:O, 5, FALSE) -> #REF! | E11: =VLOOKUP(A11, Orders!A:O, 4, FALSE) -> #REF! | F11: =IFERROR(VLOOKUP(B11, DataBase!A:O, 5, FALSE), "No Order Found") -> No Order Found | G11: =IFERROR(VLOOKUP(B11, DataBase!A:O, 6, FALSE), "No Order Found") -> No Order Found | H11: =IFERROR(VLOOKUP(B11, DataBase!A:O, 7, FALSE), "No Order Found") -> No Order Found | I11: الاوردر👇 | J11: =IFERROR(VLOOKUP(A11, Orders!A:O, 3, FALSE), "No Order Found") -> No Order Found | K11: ="🧾 رقم " & C11 & CHAR(10) & "📞 " & D11 & CHAR(10) & "👤 " & E11 & CHAR(10) & "📍 " & F11 & " - " & G11 & CHAR(10) & "🗺️ " & H11 & CHAR(10) & "🛒 الاوردر 👇" & CHAR(10) & J11 & CHAR(10) & "---------------------------" -> #REF! | L11: 11 | M11: ملك عمرو | N11: Yusef Mohamed
A12: =#REF! -> #REF! | B12: =#REF! -> #REF! | C12: =IFERROR(VLOOKUP(B12, Routes!B:G, 6, FALSE), "") | D12: =VLOOKUP(A12, Orders!A:O, 5, FALSE) -> #REF! | E12: =VLOOKUP(A12, Orders!A:O, 4, FALSE) -> #REF! | F12: =IFERROR(VLOOKUP(B12, DataBase!A:O, 5, FALSE), "No Order Found") -> No Order Found | G12: =IFERROR(VLOOKUP(B12, DataBase!A:O, 6, FALSE), "No Order Found") -> No Order Found | H12: =IFERROR(VLOOKUP(B12, DataBase!A:O, 7, FALSE), "No Order Found") -> No Order Found | I12: الاوردر👇 | J12: =IFERROR(VLOOKUP(A12, Orders!A:O, 3, FALSE), "No Order Found") -> No Order Found | K12: ="🧾 رقم " & C12 & CHAR(10) & "📞 " & D12 & CHAR(10) & "👤 " & E12 & CHAR(10) & "📍 " & F12 & " - " & G12 & CHAR(10) & "🗺️ " & H12 & CHAR(10) & "🛒 الاوردر 👇" & CHAR(10) & J12 & CHAR(10) & "---------------------------" -> #REF! | L12: 7 | M12: ام بلال
A13: =#REF! -> #REF! | B13: =#REF! -> #REF! | C13: =IFERROR(VLOOKUP(B13, Routes!B:G, 6, FALSE), "") | D13: =VLOOKUP(A13, Orders!A:O, 5, FALSE) -> #REF! | E13: =VLOOKUP(A13, Orders!A:O, 4, FALSE) -> #REF! | F13: =IFERROR(VLOOKUP(B13, DataBase!A:O, 5, FALSE), "No Order Found") -> No Order Found | G13: =IFERROR(VLOOKUP(B13, DataBase!A:O, 6, FALSE), "No Order Found") -> No Order Found | H13: =IFERROR(VLOOKUP(B13, DataBase!A:O, 7, FALSE), "No Order Found") -> No Order Found | I13: الاوردر👇 | J13: =IFERROR(VLOOKUP(A13, Orders!A:O, 3, FALSE), "No Order Found") -> No Order Found | K13: ="🧾 رقم " & C13 & CHAR(10) & "📞 " & D13 & CHAR(10) & "👤 " & E13 & CHAR(10) & "📍 " & F13 & " - " & G13 & CHAR(10) & "🗺️ " & H13 & CHAR(10) & "🛒 الاوردر 👇" & CHAR(10) & J13 & CHAR(10) & "---------------------------" -> #REF! | L13: 21 | M13: Aya sayed | N13: محمود مجدي
A14: =#REF! -> #REF! | B14: =#REF! -> #REF! | C14: =IFERROR(VLOOKUP(B14, Routes!B:G, 6, FALSE), "") | D14: =VLOOKUP(A14, Orders!A:O, 5, FALSE) -> #REF! | E14: =VLOOKUP(A14, Orders!A:O, 4, FALSE) -> #REF! | F14: =IFERROR(VLOOKUP(B14, DataBase!A:O, 5, FALSE), "No Order Found") -> No Order Found | G14: =IFERROR(VLOOKUP(B14, DataBase!A:O, 6, FALSE), "No Order Found") -> No Order Found | H14: =IFERROR(VLOOKUP(B14, DataBase!A:O, 7, FALSE), "No Order Found") -> No Order Found | I14: الاوردر👇 | J14: =IFERROR(VLOOKUP(A14, Orders!A:O, 3, FALSE), "No Order Found") -> No Order Found | K14: ="🧾 رقم " & C14 & CHAR(10) & "📞 " & D14 & CHAR(10) & "👤 " & E14 & CHAR(10) & "📍 " & F14 & " - " & G14 & CHAR(10) & "🗺️ " & H14 & CHAR(10) & "🛒 الاوردر 👇" & CHAR(10) & J14 & CHAR(10) & "---------------------------" -> #REF! | L14: 10 | M14: Samar youssef | N14: علي الجالي
A15: =#REF! -> #REF! | B15: =#REF! -> #REF! | C15: =IFERROR(VLOOKUP(B15, Routes!B:G, 6, FALSE), "") | D15: =VLOOKUP(A15, Orders!A:O, 5, FALSE) -> #REF! | E15: =VLOOKUP(A15, Orders!A:O, 4, FALSE) -> #REF! | F15: =IFERROR(VLOOKUP(B15, DataBase!A:O, 5, FALSE), "No Order Found") -> No Order Found | G15: =IFERROR(VLOOKUP(B15, DataBase!A:O, 6, FALSE), "No Order Found") -> No Order Found | H15: =IFERROR(VLOOKUP(B15, DataBase!A:O, 7, FALSE), "No Order Found") -> No Order Found | I15: الاوردر👇 | J15: =IFERROR(VLOOKUP(A15, Orders!A:O, 3, FALSE), "No Order Found") -> No Order Found | K15: ="🧾 رقم " & C15 & CHAR(10) & "📞 " & D15 & CHAR(10) & "👤 " & E15 & CHAR(10) & "📍 " & F15 & " - " & G15 & CHAR(10) & "🗺️ " & H15 & CHAR(10) & "🛒 الاوردر 👇" & CHAR(10) & J15 & CHAR(10) & "---------------------------" -> #REF! | L15: 19 | M15: نورا هيكل
A16: =#REF! -> #REF! | B16: =#REF! -> #REF! | C16: =IFERROR(VLOOKUP(B16, Routes!B:G, 6, FALSE), "") | D16: =VLOOKUP(A16, Orders!A:O, 5, FALSE) -> #REF! | E16: =VLOOKUP(A16, Orders!A:O, 4, FALSE) -> #REF! | F16: =IFERROR(VLOOKUP(B16, DataBase!A:O, 5, FALSE), "No Order Found") -> No Order Found | G16: =IFERROR(VLOOKUP(B16, DataBase!A:O, 6, FALSE), "No Order Found") -> No Order Found | H16: =IFERROR(VLOOKUP(B16, DataBase!A:O, 7, FALSE), "No Order Found") -> No Order Found | I16: الاوردر👇 | J16: =IFERROR(VLOOKUP(A16, Orders!A:O, 3, FALSE), "No Order Found") -> No Order Found | K16: ="🧾 رقم " & C16 & CHAR(10) & "📞 " & D16 & CHAR(10) & "👤 " & E16 & CHAR(10) & "📍 " & F16 & " - " & G16 & CHAR(10) & "🗺️ " & H16 & CHAR(10) & "🛒 الاوردر 👇" & CHAR(10) & J16 & CHAR(10) & "---------------------------" -> #REF! | L16: 9 | M16: Jasmine Behery
A17: =#REF! -> #REF! | B17: =#REF! -> #REF! | C17: =IFERROR(VLOOKUP(B17, Routes!B:G, 6, FALSE), "") | D17: =VLOOKUP(A17, Orders!A:O, 5, FALSE) -> #REF! | E17: =VLOOKUP(A17, Orders!A:O, 4, FALSE) -> #REF! | F17: =IFERROR(VLOOKUP(B17, DataBase!A:O, 5, FALSE), "No Order Found") -> No Order Found | G17: =IFERROR(VLOOKUP(B17, DataBase!A:O, 6, FALSE), "No Order Found") -> No Order Found | H17: =IFERROR(VLOOKUP(B17, DataBase!A:O, 7, FALSE), "No Order Found") -> No Order Found | I17: الاوردر👇 | J17: =IFERROR(VLOOKUP(A17, Orders!A:O, 3, FALSE), "No Order Found") -> No Order Found | K17: ="🧾 رقم " & C17 & CHAR(10) & "📞 " & D17 & CHAR(10) & "👤 " & E17 & CHAR(10) & "📍 " & F17 & " - " & G17 & CHAR(10) & "🗺️ " & H17 & CHAR(10) & "🛒 الاوردر 👇" & CHAR(10) & J17 & CHAR(10) & "---------------------------" -> #REF! | L17: 8 | M17: عبد الرحمن السيد | N17: دينا عصمت
A18: =#REF! -> #REF! | B18: =#REF! -> #REF! | C18: =IFERROR(VLOOKUP(B18, Routes!B:G, 6, FALSE), "") | D18: =VLOOKUP(A18, Orders!A:O, 5, FALSE) -> #REF! | E18: =VLOOKUP(A18, Orders!A:O, 4, FALSE) -> #REF! | F18: =IFERROR(VLOOKUP(B18, DataBase!A:O, 5, FALSE), "No Order Found") -> No Order Found | G18: =IFERROR(VLOOKUP(B18, DataBase!A:O, 6, FALSE), "No Order Found") -> No Order Found | H18: =IFERROR(VLOOKUP(B18, DataBase!A:O, 7, FALSE), "No Order Found") -> No Order Found | I18: الاوردر👇 | J18: =IFERROR(VLOOKUP(A18, Orders!A:O, 3, FALSE), "No Order Found") -> No Order Found | K18: ="🧾 رقم " & C18 & CHAR(10) & "📞 " & D18 & CHAR(10) & "👤 " & E18 & CHAR(10) & "📍 " & F18 & " - " & G18 & CHAR(10) & "🗺️ " & H18 & CHAR(10) & "🛒 الاوردر 👇" & CHAR(10) & J18 & CHAR(10) & "---------------------------" -> #REF! | L18: 17 | M18: Ossama ElBayoumi
A19: =#REF! -> #REF! | B19: =#REF! -> #REF! | C19: =IFERROR(VLOOKUP(B19, Routes!B:G, 6, FALSE), "") | D19: =VLOOKUP(A19, Orders!A:O, 5, FALSE) -> #REF! | E19: =VLOOKUP(A19, Orders!A:O, 4, FALSE) -> #REF! | F19: =IFERROR(VLOOKUP(B19, DataBase!A:O, 5, FALSE), "No Order Found") -> No Order Found | G19: =IFERROR(VLOOKUP(B19, DataBase!A:O, 6, FALSE), "No Order Found") -> No Order Found | H19: =IFERROR(VLOOKUP(B19, DataBase!A:O, 7, FALSE), "No Order Found") -> No Order Found | I19: الاوردر👇 | J19: =IFERROR(VLOOKUP(A19, Orders!A:O, 3, FALSE), "No Order Found") -> No Order Found | K19: ="🧾 رقم " & C19 & CHAR(10) & "📞 " & D19 & CHAR(10) & "👤 " & E19 & CHAR(10) & "📍 " & F19 & " - " & G19 & CHAR(10) & "🗺️ " & H19 & CHAR(10) & "🛒 الاوردر 👇" & CHAR(10) & J19 & CHAR(10) & "---------------------------" -> #REF! | L19: 22 | M19: Hadeer abdelaaty | N19: Doaa Hammad
A20: =#REF! -> #REF! | B20: =#REF! -> #REF! | C20: =IFERROR(VLOOKUP(B20, Routes!B:G, 6, FALSE), "") | D20: =VLOOKUP(A20, Orders!A:O, 5, FALSE) -> #REF! | E20: =VLOOKUP(A20, Orders!A:O, 4, FALSE) -> #REF! | F20: =IFERROR(VLOOKUP(B20, DataBase!A:O, 5, FALSE), "No Order Found") -> No Order Found | G20: =IFERROR(VLOOKUP(B20, DataBase!A:O, 6, FALSE), "No Order Found") -> No Order Found | H20: =IFERROR(VLOOKUP(B20, DataBase!A:O, 7, FALSE), "No Order Found") -> No Order Found | I20: الاوردر👇 | J20: =IFERROR(VLOOKUP(A20, Orders!A:O, 3, FALSE), "No Order Found") -> No Order Found | K20: ="🧾 رقم " & C20 & CHAR(10) & "📞 " & D20 & CHAR(10) & "👤 " & E20 & CHAR(10) & "📍 " & F20 & " - " & G20 & CHAR(10) & "🗺️ " & H20 & CHAR(10) & "🛒 الاوردر 👇" & CHAR(10) & J20 & CHAR(10) & "---------------------------" -> #REF! | L20: 13 | M20: كيرولس جورج | N20: اسماء شوقي
A21: =#REF! -> #REF! | B21: =#REF! -> #REF! | C21: =IFERROR(VLOOKUP(B21, Routes!B:G, 6, FALSE), "") | D21: =VLOOKUP(A21, Orders!A:O, 5, FALSE) -> #REF! | E21: =VLOOKUP(A21, Orders!A:O, 4, FALSE) -> #REF! | F21: =IFERROR(VLOOKUP(B21, DataBase!A:O, 5, FALSE), "No Order Found") -> No Order Found | G21: =IFERROR(VLOOKUP(B21, DataBase!A:O, 6, FALSE), "No Order Found") -> No Order Found | H21: =IFERROR(VLOOKUP(B21, DataBase!A:O, 7, FALSE), "No Order Found") -> No Order Found | I21: الاوردر👇 | J21: =IFERROR(VLOOKUP(A21, Orders!A:O, 3, FALSE), "No Order Found") -> No Order Found | K21: ="🧾 رقم " & C21 & CHAR(10) & "📞 " & D21 & CHAR(10) & "👤 " & E21 & CHAR(10) & "📍 " & F21 & " - " & G21 & CHAR(10) & "🗺️ " & H21 & CHAR(10) & "🛒 الاوردر 👇" & CHAR(10) & J21 & CHAR(10) & "---------------------------" -> #REF! | L21: 18 | M21: Shima | N21: #N/A
A22: =#REF! -> #REF! | B22: =#REF! -> #REF! | C22: =IFERROR(VLOOKUP(B22, Routes!B:G, 6, FALSE), "") | D22: =VLOOKUP(A22, Orders!A:O, 5, FALSE) -> #REF! | E22: =VLOOKUP(A22, Orders!A:O, 4, FALSE) -> #REF! | F22: =IFERROR(VLOOKUP(B22, DataBase!A:O, 5, FALSE), "No Order Found") -> No Order Found | G22: =IFERROR(VLOOKUP(B22, DataBase!A:O, 6, FALSE), "No Order Found") -> No Order Found | H22: =IFERROR(VLOOKUP(B22, DataBase!A:O, 7, FALSE), "No Order Found") -> No Order Found | I22: الاوردر👇 | J22: =IFERROR(VLOOKUP(A22, Orders!A:O, 3, FALSE), "No Order Found") -> No Order Found | K22: ="🧾 رقم " & C22 & CHAR(10) & "📞 " & D22 & CHAR(10) & "👤 " & E22 & CHAR(10) & "📍 " & F22 & " - " & G22 & CHAR(10) & "🗺️ " & H22 & CHAR(10) & "🛒 الاوردر 👇" & CHAR(10) & J22 & CHAR(10) & "---------------------------" -> #REF! | L22: 23 | M22: محمود الرفاعي | N22: #N/A
A23: =#REF! -> #REF! | B23: =#REF! -> #REF! | C23: =IFERROR(VLOOKUP(B23, Routes!B:G, 6, FALSE), "") | D23: =VLOOKUP(A23, Orders!A:O, 5, FALSE) -> #REF! | E23: =VLOOKUP(A23, Orders!A:O, 4, FALSE) -> #REF! | F23: =IFERROR(VLOOKUP(B23, DataBase!A:O, 5, FALSE), "No Order Found") -> No Order Found | G23: =IFERROR(VLOOKUP(B23, DataBase!A:O, 6, FALSE), "No Order Found") -> No Order Found | H23: =IFERROR(VLOOKUP(B23, DataBase!A:O, 7, FALSE), "No Order Found") -> No Order Found | I23: الاوردر👇 | J23: =IFERROR(VLOOKUP(A23, Orders!A:O, 3, FALSE), "No Order Found") -> No Order Found | K23: ="🧾 رقم " & C23 & CHAR(10) & "📞 " & D23 & CHAR(10) & "👤 " & E23 & CHAR(10) & "📍 " & F23 & " - " & G23 & CHAR(10) & "🗺️ " & H23 & CHAR(10) & "🛒 الاوردر 👇" & CHAR(10) & J23 & CHAR(10) & "---------------------------" -> #REF! | L23: 2 | M23: Enas | N23: نسمة السعيد السعيد
A24: =#REF! -> #REF! | B24: =#REF! -> #REF! | C24: =IFERROR(VLOOKUP(B24, Routes!B:G, 6, FALSE), "") | D24: =VLOOKUP(A24, Orders!A:O, 5, FALSE) -> #REF! | E24: =VLOOKUP(A24, Orders!A:O, 4, FALSE) -> #REF! | F24: =IFERROR(VLOOKUP(B24, DataBase!A:O, 5, FALSE), "No Order Found") -> No Order Found | G24: =IFERROR(VLOOKUP(B24, DataBase!A:O, 6, FALSE), "No Order Found") -> No Order Found | H24: =IFERROR(VLOOKUP(B24, DataBase!A:O, 7, FALSE), "No Order Found") -> No Order Found | I24: الاوردر👇 | J24: =IFERROR(VLOOKUP(A24, Orders!A:O, 3, FALSE), "No Order Found") -> No Order Found | K24: ="🧾 رقم " & C24 & CHAR(10) & "📞 " & D24 & CHAR(10) & "👤 " & E24 & CHAR(10) & "📍 " & F24 & " - " & G24 & CHAR(10) & "🗺️ " & H24 & CHAR(10) & "🛒 الاوردر 👇" & CHAR(10) & J24 & CHAR(10) & "---------------------------" -> #REF! | L24: 1 | M24: محمد النجار | N24: #N/A
A25: =#REF! -> #REF! | B25: =#REF! -> #REF! | C25: =IFERROR(VLOOKUP(B25, Routes!B:G, 6, FALSE), "") | D25: =VLOOKUP(A25, Orders!A:O, 5, FALSE) -> #REF! | E25: =VLOOKUP(A25, Orders!A:O, 4, FALSE) -> #REF! | F25: =IFERROR(VLOOKUP(B25, DataBase!A:O, 5, FALSE), "No Order Found") -> No Order Found | G25: =IFERROR(VLOOKUP(B25, DataBase!A:O, 6, FALSE), "No Order Found") -> No Order Found | H25: =IFERROR(VLOOKUP(B25, DataBase!A:O, 7, FALSE), "No Order Found") -> No Order Found | I25: الاوردر👇 | J25: =IFERROR(VLOOKUP(A25, Orders!A:O, 3, FALSE), "No Order Found") -> No Order Found | K25: ="🧾 رقم " & C25 & CHAR(10) & "📞 " & D25 & CHAR(10) & "👤 " & E25 & CHAR(10) & "📍 " & F25 & " - " & G25 & CHAR(10) & "🗺️ " & H25 & CHAR(10) & "🛒 الاوردر 👇" & CHAR(10) & J25 & CHAR(10) & "---------------------------" -> #REF! | L25: 24 | M25: حنان محمد | N25: صفاء مصطفي
A26: =#REF! -> #REF! | B26: =#REF! -> #REF! | C26: =IFERROR(VLOOKUP(B26, Routes!B:G, 6, FALSE), "") | D26: =VLOOKUP(A26, Orders!A:O, 5, FALSE) -> #REF! | E26: =VLOOKUP(A26, Orders!A:O, 4, FALSE) -> #REF! | F26: =IFERROR(VLOOKUP(B26, DataBase!A:O, 5, FALSE), "No Order Found") -> No Order Found | G26: =IFERROR(VLOOKUP(B26, DataBase!A:O, 6, FALSE), "No Order Found") -> No Order Found | H26: =IFERROR(VLOOKUP(B26, DataBase!A:O, 7, FALSE), "No Order Found") -> No Order Found | I26: الاوردر👇 | J26: =IFERROR(VLOOKUP(A26, Orders!A:O, 3, FALSE), "No Order Found") -> No Order Found | K26: ="🧾 رقم " & C26 & CHAR(10) & "📞 " & D26 & CHAR(10) & "👤 " & E26 & CHAR(10) & "📍 " & F26 & " - " & G26 & CHAR(10) & "🗺️ " & H26 & CHAR(10) & "🛒 الاوردر 👇" & CHAR(10) & J26 & CHAR(10) & "---------------------------" -> #REF! | L26: 25 | M26: Walaa Salah | N26: Hend Kishta
A27: =#REF! -> #REF! | B27: =#REF! -> #REF! | C27: =IFERROR(VLOOKUP(B27, Routes!B:G, 6, FALSE), "") | D27: =VLOOKUP(A27, Orders!A:O, 5, FALSE) -> #REF! | E27: =VLOOKUP(A27, Orders!A:O, 4, FALSE) -> #REF! | F27: =IFERROR(VLOOKUP(B27, DataBase!A:O, 5, FALSE), "No Order Found") -> No Order Found | G27: =IFERROR(VLOOKUP(B27, DataBase!A:O, 6, FALSE), "No Order Found") -> No Order Found | H27: =IFERROR(VLOOKUP(B27, DataBase!A:O, 7, FALSE), "No Order Found") -> No Order Found | I27: الاوردر👇 | J27: =IFERROR(VLOOKUP(A27, Orders!A:O, 3, FALSE), "No Order Found") -> No Order Found | K27: ="🧾 رقم " & C27 & CHAR(10) & "📞 " & D27 & CHAR(10) & "👤 " & E27 & CHAR(10) & "📍 " & F27 & " - " & G27 & CHAR(10) & "🗺️ " & H27 & CHAR(10) & "🛒 الاوردر 👇" & CHAR(10) & J27 & CHAR(10) & "---------------------------" -> #REF! | L27: 26 | M27: علي احمد علي سليمان | N27: محمود عبدالوهاب
A28: =#REF! -> #REF! | B28: =#REF! -> #REF! | C28: =IFERROR(VLOOKUP(B28, Routes!B:G, 6, FALSE), "") | D28: =VLOOKUP(A28, Orders!A:O, 5, FALSE) -> #REF! | E28: =VLOOKUP(A28, Orders!A:O, 4, FALSE) -> #REF! | F28: =IFERROR(VLOOKUP(B28, DataBase!A:O, 5, FALSE), "No Order Found") -> No Order Found | G28: =IFERROR(VLOOKUP(B28, DataBase!A:O, 6, FALSE), "No Order Found") -> No Order Found | H28: =IFERROR(VLOOKUP(B28, DataBase!A:O, 7, FALSE), "No Order Found") -> No Order Found | I28: الاوردر👇 | J28: =IFERROR(VLOOKUP(A28, Orders!A:O, 3, FALSE), "No Order Found") -> No Order Found | K28: ="🧾 رقم " & C28 & CHAR(10) & "📞 " & D28 & CHAR(10) & "👤 " & E28 & CHAR(10) & "📍 " & F28 & " - " & G28 & CHAR(10) & "🗺️ " & H28 & CHAR(10) & "🛒 الاوردر 👇" & CHAR(10) & J28 & CHAR(10) & "---------------------------" -> #REF! | L28: 27 | M28: Hanan Gamal | N28: فاطمة جودة
A29: =#REF! -> #REF! | B29: =#REF! -> #REF! | C29: =IFERROR(VLOOKUP(B29, Routes!B:G, 6, FALSE), "") | D29: =VLOOKUP(A29, Orders!A:O, 5, FALSE) -> #REF! | E29: =VLOOKUP(A29, Orders!A:O, 4, FALSE) -> #REF! | F29: =IFERROR(VLOOKUP(B29, DataBase!A:O, 5, FALSE), "No Order Found") -> No Order Found | G29: =IFERROR(VLOOKUP(B29, DataBase!A:O, 6, FALSE), "No Order Found") -> No Order Found | H29: =IFERROR(VLOOKUP(B29, DataBase!A:O, 7, FALSE), "No Order Found") -> No Order Found | I29: الاوردر👇 | J29: =IFERROR(VLOOKUP(A29, Orders!A:O, 3, FALSE), "No Order Found") -> No Order Found | K29: ="🧾 رقم " & C29 & CHAR(10) & "📞 " & D29 & CHAR(10) & "👤 " & E29 & CHAR(10) & "📍 " & F29 & " - " & G29 & CHAR(10) & "🗺️ " & H29 & CHAR(10) & "🛒 الاوردر 👇" & CHAR(10) & J29 & CHAR(10) & "---------------------------" -> #REF! | L29: 28 | M29: Ahmed Gamal | N29: Sara elbehery
A30: =#REF! -> #REF! | B30: =#REF! -> #REF! | C30: =IFERROR(VLOOKUP(B30, Routes!B:G, 6, FALSE), "") | D30: =VLOOKUP(A30, Orders!A:O, 5, FALSE) -> #REF! | E30: =VLOOKUP(A30, Orders!A:O, 4, FALSE) -> #REF! | F30: =IFERROR(VLOOKUP(B30, DataBase!A:O, 5, FALSE), "No Order Found") -> No Order Found | G30: =IFERROR(VLOOKUP(B30, DataBase!A:O, 6, FALSE), "No Order Found") -> No Order Found | H30: =IFERROR(VLOOKUP(B30, DataBase!A:O, 7, FALSE), "No Order Found") -> No Order Found | I30: الاوردر👇 | J30: =IFERROR(VLOOKUP(A30, Orders!A:O, 3, FALSE), "No Order Found") -> No Order Found | K30: ="🧾 رقم " & C30 & CHAR(10) & "📞 " & D30 & CHAR(10) & "👤 " & E30 & CHAR(10) & "📍 " & F30 & " - " & G30 & CHAR(10) & "🗺️ " & H30 & CHAR(10) & "🛒 الاوردر 👇" & CHAR(10) & J30 & CHAR(10) & "---------------------------" -> #REF! | L30: 29 | M30: Yasmin gaber | N30: Tala gasser
A31: =#REF! -> #REF! | B31: =#REF! -> #REF! | C31: =IFERROR(VLOOKUP(B31, Routes!B:G, 6, FALSE), "") | D31: =VLOOKUP(A31, Orders!A:O, 5, FALSE) -> #REF! | E31: =VLOOKUP(A31, Orders!A:O, 4, FALSE) -> #REF! | F31: =IFERROR(VLOOKUP(B31, DataBase!A:O, 5, FALSE), "No Order Found") -> No Order Found | G31: =IFERROR(VLOOKUP(B31, DataBase!A:O, 6, FALSE), "No Order Found") -> No Order Found | H31: =IFERROR(VLOOKUP(B31, DataBase!A:O, 7, FALSE), "No Order Found") -> No Order Found | I31: الاوردر👇 | J31: =IFERROR(VLOOKUP(A31, Orders!A:O, 3, FALSE), "No Order Found") -> No Order Found | K31: ="🧾 رقم " & C31 & CHAR(10) & "📞 " & D31 & CHAR(10) & "👤 " & E31 & CHAR(10) & "📍 " & F31 & " - " & G31 & CHAR(10) & "🗺️ " & H31 & CHAR(10) & "🛒 الاوردر 👇" & CHAR(10) & J31 & CHAR(10) & "---------------------------" -> #REF! | L31: 30 | M31: Sara | N31: عادل
A32: =#REF! -> #REF! | B32: =#REF! -> #REF! | C32: =IFERROR(VLOOKUP(B32, Routes!B:G, 6, FALSE), "") | D32: =VLOOKUP(A32, Orders!A:O, 5, FALSE) -> #REF! | E32: =VLOOKUP(A32, Orders!A:O, 4, FALSE) -> #REF! | F32: =IFERROR(VLOOKUP(B32, DataBase!A:O, 5, FALSE), "No Order Found") -> No Order Found | G32: =IFERROR(VLOOKUP(B32, DataBase!A:O, 6, FALSE), "No Order Found") -> No Order Found | H32: =IFERROR(VLOOKUP(B32, DataBase!A:O, 7, FALSE), "No Order Found") -> No Order Found | I32: الاوردر👇 | J32: =IFERROR(VLOOKUP(A32, Orders!A:O, 3, FALSE), "No Order Found") -> No Order Found | K32: ="🧾 رقم " & C32 & CHAR(10) & "📞 " & D32 & CHAR(10) & "👤 " & E32 & CHAR(10) & "📍 " & F32 & " - " & G32 & CHAR(10) & "🗺️ " & H32 & CHAR(10) & "🛒 الاوردر 👇" & CHAR(10) & J32 & CHAR(10) & "---------------------------" -> #REF! | L32: 31 | M32: Naglaa Eslam | N32: Youssef Shehata
A33: =#REF! -> #REF! | B33: =#REF! -> #REF! | C33: =IFERROR(VLOOKUP(B33, Routes!B:G, 6, FALSE), "") | D33: =VLOOKUP(A33, Orders!A:O, 5, FALSE) -> #REF! | E33: =VLOOKUP(A33, Orders!A:O, 4, FALSE) -> #REF! | F33: =IFERROR(VLOOKUP(B33, DataBase!A:O, 5, FALSE), "No Order Found") -> No Order Found | G33: =IFERROR(VLOOKUP(B33, DataBase!A:O, 6, FALSE), "No Order Found") -> No Order Found | H33: =IFERROR(VLOOKUP(B33, DataBase!A:O, 7, FALSE), "No Order Found") -> No Order Found | I33: الاوردر👇 | J33: =IFERROR(VLOOKUP(A33, Orders!A:O, 3, FALSE), "No Order Found") -> No Order Found | K33: ="🧾 رقم " & C33 & CHAR(10) & "📞 " & D33 & CHAR(10) & "👤 " & E33 & CHAR(10) & "📍 " & F33 & " - " & G33 & CHAR(10) & "🗺️ " & H33 & CHAR(10) & "🛒 الاوردر 👇" & CHAR(10) & J33 & CHAR(10) & "---------------------------" -> #REF! | L33: 32 | M33: منال | N33: دعاء صالح
A34: =#REF! -> #REF! | B34: =#REF! -> #REF! | C34: =IFERROR(VLOOKUP(B34, Routes!B:G, 6, FALSE), "") | D34: =VLOOKUP(A34, Orders!A:O, 5, FALSE) -> #REF! | E34: =VLOOKUP(A34, Orders!A:O, 4, FALSE) -> #REF! | F34: =IFERROR(VLOOKUP(B34, DataBase!A:O, 5, FALSE), "No Order Found") -> No Order Found | G34: =IFERROR(VLOOKUP(B34, DataBase!A:O, 6, FALSE), "No Order Found") -> No Order Found | H34: =IFERROR(VLOOKUP(B34, DataBase!A:O, 7, FALSE), "No Order Found") -> No Order Found | I34: الاوردر👇 | J34: =IFERROR(VLOOKUP(A34, Orders!A:O, 3, FALSE), "No Order Found") -> No Order Found | K34: ="🧾 رقم " & C34 & CHAR(10) & "📞 " & D34 & CHAR(10) & "👤 " & E34 & CHAR(10) & "📍 " & F34 & " - " & G34 & CHAR(10) & "🗺️ " & H34 & CHAR(10) & "🛒 الاوردر 👇" & CHAR(10) & J34 & CHAR(10) & "---------------------------" -> #REF! | L34: 33 | M34: وهب | N34: سمر وفيق محمد
A35: =#REF! -> #REF! | B35: =#REF! -> #REF! | C35: =IFERROR(VLOOKUP(B35, Routes!B:G, 6, FALSE), "") | D35: =VLOOKUP(A35, Orders!A:O, 5, FALSE) -> #REF! | E35: =VLOOKUP(A35, Orders!A:O, 4, FALSE) -> #REF! | F35: =IFERROR(VLOOKUP(B35, DataBase!A:O, 5, FALSE), "No Order Found") -> No Order Found | G35: =IFERROR(VLOOKUP(B35, DataBase!A:O, 6, FALSE), "No Order Found") -> No Order Found | H35: =IFERROR(VLOOKUP(B35, DataBase!A:O, 7, FALSE), "No Order Found") -> No Order Found | I35: الاوردر👇 | J35: =IFERROR(VLOOKUP(A35, Orders!A:O, 3, FALSE), "No Order Found") -> No Order Found | K35: ="🧾 رقم " & C35 & CHAR(10) & "📞 " & D35 & CHAR(10) & "👤 " & E35 & CHAR(10) & "📍 " & F35 & " - " & G35 & CHAR(10) & "🗺️ " & H35 & CHAR(10) & "🛒 الاوردر 👇" & CHAR(10) & J35 & CHAR(10) & "---------------------------" -> #REF! | L35: 34 | M35: شهيرة مجدي
A36: =#REF! -> #REF! | B36: =#REF! -> #REF! | C36: =IFERROR(VLOOKUP(B36, Routes!B:G, 6, FALSE), "") | D36: =VLOOKUP(A36, Orders!A:O, 5, FALSE) -> #REF! | E36: =VLOOKUP(A36, Orders!A:O, 4, FALSE) -> #REF! | F36: =IFERROR(VLOOKUP(B36, DataBase!A:O, 5, FALSE), "No Order Found") -> No Order Found | G36: =IFERROR(VLOOKUP(B36, DataBase!A:O, 6, FALSE), "No Order Found") -> No Order Found | H36: =IFERROR(VLOOKUP(B36, DataBase!A:O, 7, FALSE), "No Order Found") -> No Order Found | I36: الاوردر👇 | J36: =IFERROR(VLOOKUP(A36, Orders!A:O, 3, FALSE), "No Order Found") -> No Order Found | K36: ="🧾 رقم " & C36 & CHAR(10) & "📞 " & D36 & CHAR(10) & "👤 " & E36 & CHAR(10) & "📍 " & F36 & " - " & G36 & CHAR(10) & "🗺️ " & H36 & CHAR(10) & "🛒 الاوردر 👇" & CHAR(10) & J36 & CHAR(10) & "---------------------------" -> #REF! | L36: 35 | M36: Rofyda | N36: عمر سليمان
A37: =#REF! -> #REF! | B37: =#REF! -> #REF! | C37: =IFERROR(VLOOKUP(B37, Routes!B:G, 6, FALSE), "") | D37: =VLOOKUP(A37, Orders!A:O, 5, FALSE) -> #REF! | E37: =VLOOKUP(A37, Orders!A:O, 4, FALSE) -> #REF! | F37: =IFERROR(VLOOKUP(B37, DataBase!A:O, 5, FALSE), "No Order Found") -> No Order Found | G37: =IFERROR(VLOOKUP(B37, DataBase!A:O, 6, FALSE), "No Order Found") -> No Order Found | H37: =IFERROR(VLOOKUP(B37, DataBase!A:O, 7, FALSE), "No Order Found") -> No Order Found | I37: الاوردر👇 | J37: =IFERROR(VLOOKUP(A37, Orders!A:O, 3, FALSE), "No Order Found") -> No Order Found | K37: ="🧾 رقم " & C37 & CHAR(10) & "📞 " & D37 & CHAR(10) & "👤 " & E37 & CHAR(10) & "📍 " & F37 & " - " & G37 & CHAR(10) & "🗺️ " & H37 & CHAR(10) & "🛒 الاوردر 👇" & CHAR(10) & J37 & CHAR(10) & "---------------------------" -> #REF! | L37: 36 | M37: Eslam ali | N37: Eman Raafat
A38: =#REF! -> #REF! | B38: =#REF! -> #REF! | C38: =IFERROR(VLOOKUP(B38, Routes!B:G, 6, FALSE), "") | D38: =VLOOKUP(A38, Orders!A:O, 5, FALSE) -> #REF! | E38: =VLOOKUP(A38, Orders!A:O, 4, FALSE) -> #REF! | F38: =IFERROR(VLOOKUP(B38, DataBase!A:O, 5, FALSE), "No Order Found") -> No Order Found | G38: =IFERROR(VLOOKUP(B38, DataBase!A:O, 6, FALSE), "No Order Found") -> No Order Found | H38: =IFERROR(VLOOKUP(B38, DataBase!A:O, 7, FALSE), "No Order Found") -> No Order Found | I38: الاوردر👇 | J38: =IFERROR(VLOOKUP(A38, Orders!A:O, 3, FALSE), "No Order Found") -> No Order Found | K38: ="🧾 رقم " & C38 & CHAR(10) & "📞 " & D38 & CHAR(10) & "👤 " & E38 & CHAR(10) & "📍 " & F38 & " - " & G38 & CHAR(10) & "🗺️ " & H38 & CHAR(10) & "🛒 الاوردر 👇" & CHAR(10) & J38 & CHAR(10) & "---------------------------" -> #REF! | L38: 37 | M38: محمد العربي | N38: Eman Elkoumy
A39: =Orders!A2 | B39: =Orders!B2 | C39: =IFERROR(VLOOKUP(B39, Routes!B:G, 6, FALSE), "") | D39: =VLOOKUP(A39, Orders!A:O, 5, FALSE) -> #N/A | E39: =VLOOKUP(A39, Orders!A:O, 4, FALSE) -> #N/A | F39: =IFERROR(VLOOKUP(B39, DataBase!A:O, 5, FALSE), "No Order Found") -> No Order Found | G39: =IFERROR(VLOOKUP(B39, DataBase!A:O, 6, FALSE), "No Order Found") -> No Order Found | H39: =IFERROR(VLOOKUP(B39, DataBase!A:O, 7, FALSE), "No Order Found") -> No Order Found | I39: الاوردر👇 | J39: =IFERROR(VLOOKUP(A39, Orders!A:O, 3, FALSE), "No Order Found") -> No Order Found | K39: ="🧾 رقم " & C39 & CHAR(10) & "📞 " & D39 & CHAR(10) & "👤 " & E39 & CHAR(10) & "📍 " & F39 & " - " & G39 & CHAR(10) & "🗺️ " & H39 & CHAR(10) & "🛒 الاوردر 👇" & CHAR(10) & J39 & CHAR(10) & "---------------------------" -> #N/A | L39: 38 | M39: احمد علي | N39: Eman Mohamed
A40: =Orders!A3 | B40: =Orders!B3 | C40: =IFERROR(VLOOKUP(B40, Routes!B:G, 6, FALSE), "") | D40: =VLOOKUP(A40, Orders!A:O, 5, FALSE) -> #N/A | E40: =VLOOKUP(A40, Orders!A:O, 4, FALSE) -> #N/A | F40: =IFERROR(VLOOKUP(B40, DataBase!A:O, 5, FALSE), "No Order Found") -> No Order Found | G40: =IFERROR(VLOOKUP(B40, DataBase!A:O, 6, FALSE), "No Order Found") -> No Order Found | H40: =IFERROR(VLOOKUP(B40, DataBase!A:O, 7, FALSE), "No Order Found") -> No Order Found | I40: الاوردر👇 | J40: =IFERROR(VLOOKUP(A40, Orders!A:O, 3, FALSE), "No Order Found") -> No Order Found | K40: ="🧾 رقم " & C40 & CHAR(10) & "📞 " & D40 & CHAR(10) & "👤 " & E40 & CHAR(10) & "📍 " & F40 & " - " & G40 & CHAR(10) & "🗺️ " & H40 & CHAR(10) & "🛒 الاوردر 👇" & CHAR(10) & J40 & CHAR(10) & "---------------------------" -> #N/A | L40: 39 | M40: محمد رمضان | N40: Lamis Mahmoud
A41: =Orders!A4 | B41: =Orders!B4 | C41: =IFERROR(VLOOKUP(B41, Routes!B:G, 6, FALSE), "") | D41: =VLOOKUP(A41, Orders!A:O, 5, FALSE) -> #N/A | E41: =VLOOKUP(A41, Orders!A:O, 4, FALSE) -> #N/A | F41: =IFERROR(VLOOKUP(B41, DataBase!A:O, 5, FALSE), "No Order Found") -> No Order Found | G41: =IFERROR(VLOOKUP(B41, DataBase!A:O, 6, FALSE), "No Order Found") -> No Order Found | H41: =IFERROR(VLOOKUP(B41, DataBase!A:O, 7, FALSE), "No Order Found") -> No Order Found | I41: الاوردر👇 | J41: =IFERROR(VLOOKUP(A41, Orders!A:O, 3, FALSE), "No Order Found") -> No Order Found | K41: ="🧾 رقم " & C41 & CHAR(10) & "📞 " & D41 & CHAR(10) & "👤 " & E41 & CHAR(10) & "📍 " & F41 & " - " & G41 & CHAR(10) & "🗺️ " & H41 & CHAR(10) & "🛒 الاوردر 👇" & CHAR(10) & J41 & CHAR(10) & "---------------------------" -> #N/A | L41: 40 | M41: Youssef Shehata | N41: ياسين محمد
A42: =Orders!A5 | B42: =Orders!B5 | C42: =IFERROR(VLOOKUP(B42, Routes!B:G, 6, FALSE), "") | D42: =VLOOKUP(A42, Orders!A:O, 5, FALSE) -> #N/A | E42: =VLOOKUP(A42, Orders!A:O, 4, FALSE) -> #N/A | F42: =IFERROR(VLOOKUP(B42, DataBase!A:O, 5, FALSE), "No Order Found") -> No Order Found | G42: =IFERROR(VLOOKUP(B42, DataBase!A:O, 6, FALSE), "No Order Found") -> No Order Found | H42: =IFERROR(VLOOKUP(B42, DataBase!A:O, 7, FALSE), "No Order Found") -> No Order Found | I42: الاوردر👇 | J42: =IFERROR(VLOOKUP(A42, Orders!A:O, 3, FALSE), "No Order Found") -> No Order Found | K42: ="🧾 رقم " & C42 & CHAR(10) & "📞 " & D42 & CHAR(10) & "👤 " & E42 & CHAR(10) & "📍 " & F42 & " - " & G42 & CHAR(10) & "🗺️ " & H42 & CHAR(10) & "🛒 الاوردر 👇" & CHAR(10) & J42 & CHAR(10) & "---------------------------" -> #N/A | L42: 41 | M42: Ahmed | N42: Esraa Abdelaziz
A43: =Orders!A6 | B43: =Orders!B6 | C43: =IFERROR(VLOOKUP(B43, Routes!B:G, 6, FALSE), "") | D43: =VLOOKUP(A43, Orders!A:O, 5, FALSE) -> #N/A | E43: =VLOOKUP(A43, Orders!A:O, 4, FALSE) -> #N/A | F43: =IFERROR(VLOOKUP(B43, DataBase!A:O, 5, FALSE), "No Order Found") -> No Order Found | G43: =IFERROR(VLOOKUP(B43, DataBase!A:O, 6, FALSE), "No Order Found") -> No Order Found | H43: =IFERROR(VLOOKUP(B43, DataBase!A:O, 7, FALSE), "No Order Found") -> No Order Found | I43: الاوردر👇 | J43: =IFERROR(VLOOKUP(A43, Orders!A:O, 3, FALSE), "No Order Found") -> No Order Found | K43: ="🧾 رقم " & C43 & CHAR(10) & "📞 " & D43 & CHAR(10) & "👤 " & E43 & CHAR(10) & "📍 " & F43 & " - " & G43 & CHAR(10) & "🗺️ " & H43 & CHAR(10) & "🛒 الاوردر 👇" & CHAR(10) & J43 & CHAR(10) & "---------------------------" -> #N/A | L43: 42 | M43: ايه احمد | N43: #N/A
A44: =Orders!A7 | B44: =Orders!B7 | C44: =IFERROR(VLOOKUP(B44, Routes!B:G, 6, FALSE), "") | D44: =VLOOKUP(A44, Orders!A:O, 5, FALSE) -> #N/A | E44: =VLOOKUP(A44, Orders!A:O, 4, FALSE) -> #N/A | F44: =IFERROR(VLOOKUP(B44, DataBase!A:O, 5, FALSE), "No Order Found") -> No Order Found | G44: =IFERROR(VLOOKUP(B44, DataBase!A:O, 6, FALSE), "No Order Found") -> No Order Found | H44: =IFERROR(VLOOKUP(B44, DataBase!A:O, 7, FALSE), "No Order Found") -> No Order Found | I44: الاوردر👇 | J44: =IFERROR(VLOOKUP(A44, Orders!A:O, 3, FALSE), "No Order Found") -> No Order Found | K44: ="🧾 رقم " & C44 & CHAR(10) & "📞 " & D44 & CHAR(10) & "👤 " & E44 & CHAR(10) & "📍 " & F44 & " - " & G44 & CHAR(10) & "🗺️ " & H44 & CHAR(10) & "🛒 الاوردر 👇" & CHAR(10) & J44 & CHAR(10) & "---------------------------" -> #N/A | L44: 43 | M44: ايمان يوسف | N44: khaled Mossad
A45: =Orders!A8 | B45: =Orders!B8 | C45: =IFERROR(VLOOKUP(B45, Routes!B:G, 6, FALSE), "") | D45: =VLOOKUP(A45, Orders!A:O, 5, FALSE) -> #N/A | E45: =VLOOKUP(A45, Orders!A:O, 4, FALSE) -> #N/A | F45: =IFERROR(VLOOKUP(B45, DataBase!A:O, 5, FALSE), "No Order Found") -> No Order Found | G45: =IFERROR(VLOOKUP(B45, DataBase!A:O, 6, FALSE), "No Order Found") -> No Order Found | H45: =IFERROR(VLOOKUP(B45, DataBase!A:O, 7, FALSE), "No Order Found") -> No Order Found | I45: الاوردر👇 | J45: =IFERROR(VLOOKUP(A45, Orders!A:O, 3, FALSE), "No Order Found") -> No Order Found | K45: ="🧾 رقم " & C45 & CHAR(10) & "📞 " & D45 & CHAR(10) & "👤 " & E45 & CHAR(10) & "📍 " & F45 & " - " & G45 & CHAR(10) & "🗺️ " & H45 & CHAR(10) & "🛒 الاوردر 👇" & CHAR(10) & J45 & CHAR(10) & "---------------------------" -> #N/A | L45: 44 | M45: دينا شاهين
A46: =Orders!A9 | B46: =Orders!B9 | C46: =IFERROR(VLOOKUP(B46, Routes!B:G, 6, FALSE), "") | D46: =VLOOKUP(A46, Orders!A:O, 5, FALSE) -> #N/A | E46: =VLOOKUP(A46, Orders!A:O, 4, FALSE) -> #N/A | F46: =IFERROR(VLOOKUP(B46, DataBase!A:O, 5, FALSE), "No Order Found") -> No Order Found | G46: =IFERROR(VLOOKUP(B46, DataBase!A:O, 6, FALSE), "No Order Found") -> No Order Found | H46: =IFERROR(VLOOKUP(B46, DataBase!A:O, 7, FALSE), "No Order Found") -> No Order Found | I46: الاوردر👇 | J46: =IFERROR(VLOOKUP(A46, Orders!A:O, 3, FALSE), "No Order Found") -> No Order Found | K46: ="🧾 رقم " & C46 & CHAR(10) & "📞 " & D46 & CHAR(10) & "👤 " & E46 & CHAR(10) & "📍 " & F46 & " - " & G46 & CHAR(10) & "🗺️ " & H46 & CHAR(10) & "🛒 الاوردر 👇" & CHAR(10) & J46 & CHAR(10) & "---------------------------" -> #N/A | L46: 45 | M46: فاطمة جودة | N46: ام عمر
A47: =Orders!A10 | B47: =Orders!B10 | C47: =IFERROR(VLOOKUP(B47, Routes!B:G, 6, FALSE), "") | D47: =VLOOKUP(A47, Orders!A:O, 5, FALSE) -> #N/A | E47: =VLOOKUP(A47, Orders!A:O, 4, FALSE) -> #N/A | F47: =IFERROR(VLOOKUP(B47, DataBase!A:O, 5, FALSE), "No Order Found") -> No Order Found | G47: =IFERROR(VLOOKUP(B47, DataBase!A:O, 6, FALSE), "No Order Found") -> No Order Found | H47: =IFERROR(VLOOKUP(B47, DataBase!A:O, 7, FALSE), "No Order Found") -> No Order Found | I47: الاوردر👇 | J47: =IFERROR(VLOOKUP(A47, Orders!A:O, 3, FALSE), "No Order Found") -> No Order Found | K47: ="🧾 رقم " & C47 & CHAR(10) & "📞 " & D47 & CHAR(10) & "👤 " & E47 & CHAR(10) & "📍 " & F47 & " - " & G47 & CHAR(10) & "🗺️ " & H47 & CHAR(10) & "🛒 الاوردر 👇" & CHAR(10) & J47 & CHAR(10) & "---------------------------" -> #N/A | L47: 46 | M47: ام زياد
A48: =Orders!A11 | B48: =Orders!B11 | C48: =IFERROR(VLOOKUP(B48, Routes!B:G, 6, FALSE), "") | D48: =VLOOKUP(A48, Orders!A:O, 5, FALSE) -> #N/A | E48: =VLOOKUP(A48, Orders!A:O, 4, FALSE) -> #N/A | F48: =IFERROR(VLOOKUP(B48, DataBase!A:O, 5, FALSE), "No Order Found") -> No Order Found | G48: =IFERROR(VLOOKUP(B48, DataBase!A:O, 6, FALSE), "No Order Found") -> No Order Found | H48: =IFERROR(VLOOKUP(B48, DataBase!A:O, 7, FALSE), "No Order Found") -> No Order Found | I48: الاوردر👇 | J48: =IFERROR(VLOOKUP(A48, Orders!A:O, 3, FALSE), "No Order Found") -> No Order Found | K48: ="🧾 رقم " & C48 & CHAR(10) & "📞 " & D48 & CHAR(10) & "👤 " & E48 & CHAR(10) & "📍 " & F48 & " - " & G48 & CHAR(10) & "🗺️ " & H48 & CHAR(10) & "🛒 الاوردر 👇" & CHAR(10) & J48 & CHAR(10) & "---------------------------" -> #N/A | L48: 47 | M48: Esraa hamed | N48: Sara
A49: =Orders!A12 | B49: =Orders!B12 | C49: =IFERROR(VLOOKUP(B49, Routes!B:G, 6, FALSE), "") | D49: =VLOOKUP(A49, Orders!A:O, 5, FALSE) -> #N/A | E49: =VLOOKUP(A49, Orders!A:O, 4, FALSE) -> #N/A | F49: =IFERROR(VLOOKUP(B49, DataBase!A:O, 5, FALSE), "No Order Found") -> No Order Found | G49: =IFERROR(VLOOKUP(B49, DataBase!A:O, 6, FALSE), "No Order Found") -> No Order Found | H49: =IFERROR(VLOOKUP(B49, DataBase!A:O, 7, FALSE), "No Order Found") -> No Order Found | I49: الاوردر👇 | J49: =IFERROR(VLOOKUP(A49, Orders!A:O, 3, FALSE), "No Order Found") -> No Order Found | K49: ="🧾 رقم " & C49 & CHAR(10) & "📞 " & D49 & CHAR(10) & "👤 " & E49 & CHAR(10) & "📍 " & F49 & " - " & G49 & CHAR(10) & "🗺️ " & H49 & CHAR(10) & "🛒 الاوردر 👇" & CHAR(10) & J49 & CHAR(10) & "---------------------------" -> #N/A | L49: 48 | M49: احمد محمد حنفى | N49: Sara Yasser
A50: =Orders!A13 | B50: =Orders!B13 | C50: =IFERROR(VLOOKUP(B50, Routes!B:G, 6, FALSE), "") | D50: =VLOOKUP(A50, Orders!A:O, 5, FALSE) -> #N/A | E50: =VLOOKUP(A50, Orders!A:O, 4, FALSE) -> #N/A | F50: =IFERROR(VLOOKUP(B50, DataBase!A:O, 5, FALSE), "No Order Found") -> No Order Found | G50: =IFERROR(VLOOKUP(B50, DataBase!A:O, 6, FALSE), "No Order Found") -> No Order Found | H50: =IFERROR(VLOOKUP(B50, DataBase!A:O, 7, FALSE), "No Order Found") -> No Order Found | I50: الاوردر👇 | J50: =IFERROR(VLOOKUP(A50, Orders!A:O, 3, FALSE), "No Order Found") -> No Order Found | K50: ="🧾 رقم " & C50 & CHAR(10) & "📞 " & D50 & CHAR(10) & "👤 " & E50 & CHAR(10) & "📍 " & F50 & " - " & G50 & CHAR(10) & "🗺️ " & H50 & CHAR(10) & "🛒 الاوردر 👇" & CHAR(10) & J50 & CHAR(10) & "---------------------------" -> #N/A | L50: 49 | M50: تقي خالد ابراهيم | N50: Shaimaa Mohamed
A51: =Orders!A14 | B51: =Orders!B14
A52: =Orders!A15 | B52: =Orders!B15
A53: =Orders!A16 | B53: =Orders!B16
A54: =Orders!A17 | B54: =Orders!B17
A55: =Orders!A18 | B55: =Orders!B18
A56: =Orders!A19 | B56: =Orders!B19
A57: =Orders!A20 | B57: =Orders!B20
A58: =Orders!A21 | B58: =Orders!B21
A59: =Orders!A22 | B59: =Orders!B22
A60: =Orders!A23 | B60: =Orders!B23
A61: =Orders!A24 | B61: =Orders!B24
A62: =Orders!A25 | B62: =Orders!B25
... A72: =Orders!A35 | B72: =Orders!B35
A73: =Orders!A37 | B73: =Orders!B37
A74: =Orders!A38 | B74: =Orders!B38
A75: =Orders!A39 | B75: =Orders!B39
A76: =Orders!A40 | B76: =Orders!B40
A77: =Orders!A41 | B77: =Orders!B41
A78: =Orders!A42 | B78: =Orders!B42
A79: =Orders!A43 | B79: =Orders!B43
A80: =Orders!A44 | B80: =Orders!B44
A81: =Orders!A45 | B81: =Orders!B45
A82: =Orders!A46 | B82: =Orders!B46
A83: =Orders!A47 | B83: =Orders!B47
A84: =Orders!A48 | B84: =Orders!B48
... A91: =Orders!A55 | B91: =Orders!B55
A92: =Orders!A54 | B92: =Orders!B54
A93: =Orders!A55 | B93: =Orders!B55
A94: =Orders!A7 | B94: =Orders!B7
A95: =Orders!A8 | B95: =Orders!B8
A96: =Orders!A9 | B96: =Orders!B9
A97: =Orders!A10 | B97: =Orders!B10
A98: =Orders!A11 | B98: =Orders!B11
A99: =Orders!A12 | B99: =Orders!B12
A100: =Orders!A13 | B100: =Orders!B13
A101: =Orders!A14 | B101: =Orders!B14
A102: =Orders!A15 | B102: =Orders!B15
A103: =Orders!A16 | B103: =Orders!B16
A104: =Orders!A17 | B104: =Orders!B17
A105: =Orders!A18 | B105: =Orders!B18
... A123: =Orders!A36 | B123: =Orders!B36

Sheet FWorkspace
A1: OrderID | B1: CustomerID | C1: Order | D1: Mobile | E1: Name | F1: Area | G1: Address | H1: Location | I1: Sep-Text | J1: Oroder | L1: Order | M1: Name
A2: =AlFayoumi!A5 -> O1779192335543 | B2: =AlFayoumi!B5 -> C1768653088625 | C2: =IFERROR(VLOOKUP(B2, Routes!B:G, 6, FALSE), "") -> 1 | D2: =VLOOKUP(A2, AlFayoumi!A:O, 5, FALSE) -> 0529157624 | E2: =VLOOKUP(A2, AlFayoumi!A:O, 4, FALSE) -> شيماء | F2: =IFERROR(VLOOKUP(B2, DataBase!A:O, 5, FALSE), "No Order Found") -> Al danah | G2: =IFERROR(VLOOKUP(B2, DataBase!A:O, 6, FALSE), "No Order Found") -> شارع الكترا نفس بناية مطعم الابراهيمي شقة ٥٠٣ | H2: =IFERROR(VLOOKUP(B2, DataBase!A:O, 7, FALSE), "No Order Found") -> https://www.google.com/maps?q=24.488376387234172,54.36703744083892 | I2: الاوردر👇 | J2: =IFERROR(VLOOKUP(A2, AlFayoumi!A:O, 3, FALSE), "No Order Found") -> عوزه 10فرخات 1500الي 1600 2كيلو رجول | K2: ="🧾 رقم " & C2 & CHAR(10) & "📞 " & D2 & CHAR(10) & "👤 " & E2 & CHAR(10) & "📍 " & F2 & " - " & G2 & CHAR(10) & "🗺️ " & H2 & CHAR(10) & "🛒 الاوردر 👇" & CHAR(10) & J2 & CHAR(10) & "---------------------------" -> 🧾 رقم 1 📞 0529157624 👤 شيماء 📍 Al danah - شارع الكترا نفس بناية مطعم الابراهيمي شقة ٥٠٣ 🗺️ https://www.google.com/maps?q=24.488376387234172,54.36703744083892 🛒 الاوردر 👇 عوزه 10فرخات 1500الي 1600 2كيلو رجول --------------------------- | L2: 1 | M2: شيماء | N2: كده الاوردرات اللي هتستلم | O2: Mai Hamed
A3: =AlFayoumi!A2 -> O1779018370262 | B3: =AlFayoumi!B2 -> C1776884700619 | C3: =IFERROR(VLOOKUP(B3, Routes!B:G, 6, FALSE), "") -> 2 | D3: =VLOOKUP(A3, AlFayoumi!A:O, 5, FALSE) -> 0523020946 | E3: =VLOOKUP(A3, AlFayoumi!A:O, 4, FALSE) -> ملك عمرو | F3: =IFERROR(VLOOKUP(B3, DataBase!A:O, 5, FALSE), "No Order Found") -> امام شارع الدفاع | G3: =IFERROR(VLOOKUP(B3, DataBase!A:O, 6, FALSE), "No Order Found") -> شارع الفلاح مقابل وير مارت بنايه فريش بالاس الطابق 1408 | H3: =IFERROR(VLOOKUP(B3, DataBase!A:O, 7, FALSE), "No Order Found") -> https://www.google.com/maps?q=24.476906066431106,54.367972972393915 | I3: الاوردر👇 | J3: =IFERROR(VLOOKUP(A3, AlFayoumi!A:O, 3, FALSE), "No Order Found") -> 20 دجاجه وزن ١٢٠٠ سعر الدجاجه ٢٠ درهم كل دجاجه لحالها | K3: ="🧾 رقم " & C3 & CHAR(10) & "📞 " & D3 & CHAR(10) & "👤 " & E3 & CHAR(10) & "📍 " & F3 & " - " & G3 & CHAR(10) & "🗺️ " & H3 & CHAR(10) & "🛒 الاوردر 👇" & CHAR(10) & J3 & CHAR(10) & "---------------------------" -> 🧾 رقم 2 📞 0523020946 👤 ملك عمرو 📍 امام شارع الدفاع - شارع الفلاح مقابل وير مارت بنايه فريش بالاس الطابق 1408 🗺️ https://www.google.com/maps?q=24.476906066431106,54.367972972393915 🛒 الاوردر 👇 20 دجاجه وزن ١٢٠٠ سعر الدجاجه ٢٠ درهم كل دجاجه لحالها --------------------------- | L3: 2 | M3: ملك عمرو | N3: 3 | O3: Jasmine Behery
A4: =AlFayoumi!A8 -> O1779206737453 | B4: =AlFayoumi!B8 -> C1778243253026 | C4: =IFERROR(VLOOKUP(B4, Routes!B:G, 6, FALSE), "") -> 3 | D4: =VLOOKUP(A4, AlFayoumi!A:O, 5, FALSE) -> 0557827324 | E4: =VLOOKUP(A4, AlFayoumi!A:O, 4, FALSE) -> دعاء صالح | F4: =IFERROR(VLOOKUP(B4, DataBase!A:O, 5, FALSE), "No Order Found") -> شارع النجده | G4: =IFERROR(VLOOKUP(B4, DataBase!A:O, 6, FALSE), "No Order Found") -> شارع للنجده | H4: =IFERROR(VLOOKUP(B4, DataBase!A:O, 7, FALSE), "No Order Found") -> https://www.google.com/maps?q=24.4839877,54.3736343 | I4: الاوردر👇 | J4: =IFERROR(VLOOKUP(A4, AlFayoumi!A:O, 3, FALSE), "No Order Found") -> ١٢ دجاجه بيضا وزن ١٢٠٠ | K4: ="🧾 رقم " & C4 & CHAR(10) & "📞 " & D4 & CHAR(10) & "👤 " & E4 & CHAR(10) & "📍 " & F4 & " - " & G4 & CHAR(10) & "🗺️ " & H4 & CHAR(10) & "🛒 الاوردر 👇" & CHAR(10) & J4 & CHAR(10) & "---------------------------" -> 🧾 رقم 3 📞 0557827324 👤 دعاء صالح 📍 شارع النجده - شارع للنجده 🗺️ https://www.google.com/maps?q=24.4839877,54.3736343 🛒 الاوردر 👇 ١٢ دجاجه بيضا وزن ١٢٠٠ --------------------------- | L4: 3 | M4: دعاء صالح | N4: 7 | O4: مريم رشدى
A5: =AlFayoumi!A7 -> O1779196437405 | B5: =AlFayoumi!B7 -> C1769324778781 | C5: =IFERROR(VLOOKUP(B5, Routes!B:G, 6, FALSE), "") -> 4 | D5: =VLOOKUP(A5, AlFayoumi!A:O, 5, FALSE) -> 0529391713 | E5: =VLOOKUP(A5, AlFayoumi!A:O, 4, FALSE) -> Eman Elkoumy | F5: =IFERROR(VLOOKUP(B5, DataBase!A:O, 5, FALSE), "No Order Found") -> منطقة الريم | G5: =IFERROR(VLOOKUP(B5, DataBase!A:O, 6, FALSE), "No Order Found") -> النور تاور ١٦٠٦ | H5: =IFERROR(VLOOKUP(B5, DataBase!A:O, 7, FALSE), "No Order Found") -> https://www.google.com/maps?q=24.4907523,54.4000173 | I5: الاوردر👇 | J5: =IFERROR(VLOOKUP(A5, AlFayoumi!A:O, 3, FALSE), "No Order Found") -> ٤ كيلو بانيه مش متقطع ٤ كيلو اوراك وزن ١٥٠٠ كل كيلو لوحده | K5: ="🧾 رقم " & C5 & CHAR(10) & "📞 " & L5 & D5 & CHAR(10) & "👤 " & E5 & CHAR(10) & "📍 " & F5 & " - " & G5 & CHAR(10) & "🗺️ " & H5 & CHAR(10) & "🛒 الاوردر 👇" & CHAR(10) & J5 & CHAR(10) & "---------------------------" -> 🧾 رقم 4 📞 40529391713 👤 Eman Elkoumy 📍 منطقة الريم - النور تاور ١٦٠٦ 🗺️ https://www.google.com/maps?q=24.4907523,54.4000173 🛒 الاوردر 👇 ٤ كيلو بانيه مش متقطع ٤ كيلو اوراك وزن ١٥٠٠ كل كيلو لوحده --------------------------- | L5: 4 | M5: Eman Elkoumy | N5: 11 | O5: ريهام احمد
A6: =AlFayoumi!A12 -> O1779289844939 | B6: =AlFayoumi!B12 -> C1776633916549 | C6: =IFERROR(VLOOKUP(B6, Routes!B:G, 6, FALSE), "") -> 5 | D6: =VLOOKUP(A6, AlFayoumi!A:O, 5, FALSE) -> 0585284234 | E6: =VLOOKUP(A6, AlFayoumi!A:O, 4, FALSE) -> Aya | F6: =IFERROR(VLOOKUP(B6, DataBase!A:O, 5, FALSE), "No Order Found") -> المقطع | G6: =IFERROR(VLOOKUP(B6, DataBase!A:O, 6, FALSE), "No Order Found") -> بين الجسرين شارع ام عشر بالقرب من توكيل bmw | H6: =IFERROR(VLOOKUP(B6, DataBase!A:O, 7, FALSE), "No Order Found") -> https://www.google.com/maps?q=24.413685,54.495136 | I6: الاوردر👇 | J6: =IFERROR(VLOOKUP(A6, AlFayoumi!A:O, 3, FALSE), "No Order Found") -> ٢ كيلو صدور سليمه مش متقطعه ٣ فرخات من ١٧٠٠الي ١٨٠٠ | K6: ="🧾 رقم " & C6 & CHAR(10) & "📞 " & D6 & CHAR(10) & "👤 " & E6 & CHAR(10) & "📍 " & F6 & " - " & G6 & CHAR(10) & "🗺️ " & H6 & CHAR(10) & "🛒 الاوردر 👇" & CHAR(10) & J6 & CHAR(10) & "---------------------------" -> 🧾 رقم 5 📞 0585284234 👤 Aya 📍 المقطع - بين الجسرين شارع ام عشر بالقرب من توكيل bmw 🗺️ https://www.google.com/maps?q=24.413685,54.495136 🛒 الاوردر 👇 ٢ كيلو صدور سليمه مش متقطعه ٣ فرخات من ١٧٠٠الي ١٨٠٠ --------------------------- | L6: 5 | M6: Aya | N6: 12 | O6: Zahra
A7: =AlFayoumi!A6 -> O1779192763177 | B7: =AlFayoumi!B6 -> C1778325015999 | C7: =IFERROR(VLOOKUP(B7, Routes!B:G, 6, FALSE), "") -> 6 | D7: =VLOOKUP(A7, AlFayoumi!A:O, 5, FALSE) -> 0528204091 | E7: =VLOOKUP(A7, AlFayoumi!A:O, 4, FALSE) -> Esraa Elwakel | F7: =IFERROR(VLOOKUP(B7, DataBase!A:O, 5, FALSE), "No Order Found") -> ربدان | G7: =IFERROR(VLOOKUP(B7, DataBase!A:O, 6, FALSE), "No Order Found") -> شارع المثابرة بنايه 29 الطابق الثالث نفس بناية مغسلة رويال روز | H7: =IFERROR(VLOOKUP(B7, DataBase!A:O, 7, FALSE), "No Order Found") -> https://www.google.com/maps?q=24.405996821373577,54.517312166606 | I7: الاوردر👇 | J7: =IFERROR(VLOOKUP(A7, AlFayoumi!A:O, 3, FALSE), "No Order Found") -> عدد 5 دجاج ابيضّ وزن 1200 كيلو بانيه كل نص لوحده كيلو صدور بدون عظم كل نصف لوحده | K7: ="🧾 رقم " & C7 & CHAR(10) & "📞 " & D7 & CHAR(10) & "👤 " & E7 & CHAR(10) & "📍 " & F7 & " - " & G7 & CHAR(10) & "🗺️ " & H7 & CHAR(10) & "🛒 الاوردر 👇" & CHAR(10) & J7 & CHAR(10) & "---------------------------" -> 🧾 رقم 6 📞 0528204091 👤 Esraa Elwakel 📍 ربدان - شارع المثابرة بنايه 29 الطابق الثالث نفس بناية مغسلة رويال روز 🗺️ https://www.google.com/maps?q=24.405996821373577,54.517312166606 🛒 الاوردر 👇 عدد 5 دجاج ابيضّ وزن 1200 كيلو بانيه كل نص لوحده كيلو صدور بدون عظم كل نصف لوحده --------------------------- | L7: 6 | M7: Esraa Elwakel | N7: 13 | O7: رانا يسري حسن
A8: =AlFayoumi!A9 -> O1779219097726 | B8: =AlFayoumi!B9 -> C1776515849146 | C8: =IFERROR(VLOOKUP(B8, Routes!B:G, 6, FALSE), "") -> 7 | D8: =VLOOKUP(A8, AlFayoumi!A:O, 5, FALSE) -> 0502358249 | E8: =VLOOKUP(A8, AlFayoumi!A:O, 4, FALSE) -> هاجر محمد | F8: =IFERROR(VLOOKUP(B8, DataBase!A:O, 5, FALSE), "No Order Found") -> ربدان | G8: =IFERROR(VLOOKUP(B8, DataBase!A:O, 6, FALSE), "No Order Found") -> ربدان /شارع اللزيمة /فيلا 40/الدور الثاني شقة 29 | H8: =IFERROR(VLOOKUP(B8, DataBase!A:O, 7, FALSE), "No Order Found") -> https://www.google.com/maps?q=24.4018107,54.519146 | I8: الاوردر👇 | J8: =IFERROR(VLOOKUP(A8, AlFayoumi!A:O, 3, FALSE), "No Order Found") -> ٥ فراخ أبيض وزن 1700_1800 نص كيلو رجل | K8: ="🧾 رقم " & C8 & CHAR(10) & "📞 " & D8 & CHAR(10) & "👤 " & E8 & CHAR(10) & "📍 " & F8 & " - " & G8 & CHAR(10) & "🗺️ " & H8 & CHAR(10) & "🛒 الاوردر 👇" & CHAR(10) & J8 & CHAR(10) & "---------------------------" -> 🧾 رقم 7 📞 0502358249 👤 هاجر محمد 📍 ربدان - ربدان /شارع اللزيمة /فيلا 40/الدور الثاني شقة 29 🗺️ https://www.google.com/maps?q=24.4018107,54.519146 🛒 الاوردر 👇 ٥ فراخ أبيض وزن 1700_1800 نص كيلو رجل --------------------------- | L8: 7 | M8: هاجر محمد | N8: 14 | O8: ملك عمرو
A9: =AlFayoumi!A11 -> O1779285905718 | B9: =AlFayoumi!B11 -> C1768655293606 | C9: =IFERROR(VLOOKUP(B9, Routes!B:G, 6, FALSE), "") -> 8 | D9: =VLOOKUP(A9, AlFayoumi!A:O, 5, FALSE) -> 0555060297 | E9: =VLOOKUP(A9, AlFayoumi!A:O, 4, FALSE) -> Naglaa Eslam | F9: =IFERROR(VLOOKUP(B9, DataBase!A:O, 5, FALSE), "No Order Found") -> خليفه أ | G9: =IFERROR(VLOOKUP(B9, DataBase!A:O, 6, FALSE), "No Order Found") -> ٩١ شارع الكهرمان خليفه خلف الفرسان مول | H9: =IFERROR(VLOOKUP(B9, DataBase!A:O, 7, FALSE), "No Order Found") -> https://www.google.com/maps?q=24.396056135766734,54.5660779698686 | I9: الاوردر👇 | J9: =IFERROR(VLOOKUP(A9, AlFayoumi!A:O, 3, FALSE), "No Order Found") -> 3 فراخات 1200 جرام | K9: ="🧾 رقم " & C9 & CHAR(10) & "📞 " & D9 & CHAR(10) & "👤 " & E9 & CHAR(10) & "📍 " & F9 & " - " & G9 & CHAR(10) & "🗺️ " & H9 & CHAR(10) & "🛒 الاوردر 👇" & CHAR(10) & J9 & CHAR(10) & "---------------------------" -> 🧾 رقم 8 📞 0555060297 👤 Naglaa Eslam 📍 خليفه أ - ٩١ شارع الكهرمان خليفه خلف الفرسان مول 🗺️ https://www.google.com/maps?q=24.396056135766734,54.5660779698686 🛒 الاوردر 👇 3 فراخات 1200 جرام --------------------------- | L9: 8 | M9: Naglaa Eslam | N9: 15 | O9: Mona
A10: =AlFayoumi!A10 -> O1779249920181 | B10: =AlFayoumi!B10 -> C1770412918700 | C10: =IFERROR(VLOOKUP(B10, Routes!B:G, 6, FALSE), "") -> 9 | D10: =VLOOKUP(A10, AlFayoumi!A:O, 5, FALSE) -> 0564507569 | E10: =VLOOKUP(A10, AlFayoumi!A:O, 4, FALSE) -> Heba Motawea | F10: =IFERROR(VLOOKUP(B10, DataBase!A:O, 5, FALSE), "No Order Found") -> شخبوط | G10: =IFERROR(VLOOKUP(B10, DataBase!A:O, 6, FALSE), "No Order Found") -> شخبوط أبوظبي | H10: =IFERROR(VLOOKUP(B10, DataBase!A:O, 7, FALSE), "No Order Found") -> https://www.google.com/maps?q=24.3795837,54.6433836 | I10: الاوردر👇 | J10: =IFERROR(VLOOKUP(A10, AlFayoumi!A:O, 3, FALSE), "No Order Found") -> ٥ دجاج أبيض من ١٥٠٠-١٦٠٠ | K10: ="🧾 رقم " & C10 & CHAR(10) & "📞 " & D10 & CHAR(10) & "👤 " & E10 & CHAR(10) & "📍 " & F10 & " - " & G10 & CHAR(10) & "🗺️ " & H10 & CHAR(10) & "🛒 الاوردر 👇" & CHAR(10) & J10 & CHAR(10) & "---------------------------" -> 🧾 رقم 9 📞 0564507569 👤 Heba Motawea 📍 شخبوط - شخبوط أبوظبي 🗺️ https://www.google.com/maps?q=24.3795837,54.6433836 🛒 الاوردر 👇 ٥ دجاج أبيض من ١٥٠٠-١٦٠٠ --------------------------- | L10: 9 | M10: Heba Motawea | N10: 16 | O10: Alamir
A11: =AlFayoumi!A4 -> O1779192174812 | B11: =AlFayoumi!B4 -> C1778181837755 | C11: =IFERROR(VLOOKUP(B11, Routes!B:G, 6, FALSE), "") -> 10 | D11: =VLOOKUP(A11, AlFayoumi!A:O, 5, FALSE) -> 0508168275 | E11: =VLOOKUP(A11, AlFayoumi!A:O, 4, FALSE) -> هاجر السيد | F11: =IFERROR(VLOOKUP(B11, DataBase!A:O, 5, FALSE), "No Order Found") -> بني ياس | G11: =IFERROR(VLOOKUP(B11, DataBase!A:O, 6, FALSE), "No Order Found") -> بني ياس بوابة الشرق مول شرق 2 فيلا ٢٠ | H11: =IFERROR(VLOOKUP(B11, DataBase!A:O, 7, FALSE), "No Order Found") -> https://www.google.com/maps?q=24.32160286901728,54.62401405136186 | I11: الاوردر👇 | J11: =IFERROR(VLOOKUP(A11, AlFayoumi!A:O, 3, FALSE), "No Order Found") -> 12دجاجة وزن 1200سعر 20درهم | K11: ="🧾 رقم " & C11 & CHAR(10) & "📞 " & D11 & CHAR(10) & "👤 " & E11 & CHAR(10) & "📍 " & F11 & " - " & G11 & CHAR(10) & "🗺️ " & H11 & CHAR(10) & "🛒 الاوردر 👇" & CHAR(10) & J11 & CHAR(10) & "---------------------------" -> 🧾 رقم 10 📞 0508168275 👤 هاجر السيد 📍 بني ياس - بني ياس بوابة الشرق مول شرق 2 فيلا ٢٠ 🗺️ https://www.google.com/maps?q=24.32160286901728,54.62401405136186 🛒 الاوردر 👇 12دجاجة وزن 1200سعر 20درهم --------------------------- | L11: 10 | M11: هاجر السيد | N11: 17 | O11: Enas
A12: =AlFayoumi!A3 -> O1779191777788 | B12: =AlFayoumi!B3 -> C1779191613438 | C12: =IFERROR(VLOOKUP(B12, Routes!B:G, 6, FALSE), "") -> 11 | D12: =VLOOKUP(A12, AlFayoumi!A:O, 5, FALSE) -> 0569233207 | E12: =VLOOKUP(A12, AlFayoumi!A:O, 4, FALSE) -> ساره ذكى | F12: =IFERROR(VLOOKUP(B12, DataBase!A:O, 5, FALSE), "No Order Found") -> ابو ظبى | G12: =IFERROR(VLOOKUP(B12, DataBase!A:O, 6, FALSE), "No Order Found") -> مدينه الرياض فيلا ٢٦ملحق رقم ٣ | H12: =IFERROR(VLOOKUP(B12, DataBase!A:O, 7, FALSE), "No Order Found") -> https://www.google.com/maps?q=24.333568155473717,54.71084769152754 | I12: الاوردر👇 | J12: =IFERROR(VLOOKUP(A12, AlFayoumi!A:O, 3, FALSE), "No Order Found") -> 6فرخات بيضه وزن. ١٢٠٠ | K12: ="🧾 رقم " & C12 & CHAR(10) & "📞 " & D12 & CHAR(10) & "👤 " & E12 & CHAR(10) & "📍 " & F12 & " - " & G12 & CHAR(10) & "🗺️ " & H12 & CHAR(10) & "🛒 الاوردر 👇" & CHAR(10) & J12 & CHAR(10) & "---------------------------" -> 🧾 رقم 11 📞 0569233207 👤 ساره ذكى 📍 ابو ظبى - مدينه الرياض فيلا ٢٦ملحق رقم ٣ 🗺️ https://www.google.com/maps?q=24.333568155473717,54.71084769152754 🛒 الاوردر 👇 6فرخات بيضه وزن. ١٢٠٠ --------------------------- | L12: 11 | M12: ساره ذكى | N12: 19 | O12: ايه احمد
A13: =AlFayoumi!A13 | B13: =AlFayoumi!B13 | C13: =IFERROR(VLOOKUP(B13, Routes!B:G, 6, FALSE), "") | D13: =VLOOKUP(A13, AlFayoumi!A:O, 5, FALSE) -> #N/A | E13: =VLOOKUP(A13, AlFayoumi!A:O, 4, FALSE) -> #N/A | F13: =IFERROR(VLOOKUP(B13, DataBase!A:O, 5, FALSE), "No Order Found") -> No Order Found | G13: =IFERROR(VLOOKUP(B13, DataBase!A:O, 6, FALSE), "No Order Found") -> No Order Found | H13: =IFERROR(VLOOKUP(B13, DataBase!A:O, 7, FALSE), "No Order Found") -> No Order Found | I13: الاوردر👇 | J13: =IFERROR(VLOOKUP(A13, AlFayoumi!A:O, 3, FALSE), "No Order Found") -> No Order Found | K13: ="🧾 رقم " & C13 & CHAR(10) & "📞 " & D13 & CHAR(10) & "👤 " & E13 & CHAR(10) & "📍 " & F13 & " - " & G13 & CHAR(10) & "🗺️ " & H13 & CHAR(10) & "🛒 الاوردر 👇" & CHAR(10) & J13 & CHAR(10) & "---------------------------" -> #N/A | M13: #N/A | N13: 25 | O13: مليكه محمد
A14: =AlFayoumi!A14 | B14: =AlFayoumi!B14 | C14: =IFERROR(VLOOKUP(B14, Routes!B:G, 6, FALSE), "") | D14: =VLOOKUP(A14, AlFayoumi!A:O, 5, FALSE) -> #N/A | E14: =VLOOKUP(A14, AlFayoumi!A:O, 4, FALSE) -> #N/A | F14: =IFERROR(VLOOKUP(B14, DataBase!A:O, 5, FALSE), "No Order Found") -> No Order Found | G14: =IFERROR(VLOOKUP(B14, DataBase!A:O, 6, FALSE), "No Order Found") -> No Order Found | H14: =IFERROR(VLOOKUP(B14, DataBase!A:O, 7, FALSE), "No Order Found") -> No Order Found | I14: الاوردر👇 | J14: =IFERROR(VLOOKUP(A14, AlFayoumi!A:O, 3, FALSE), "No Order Found") -> No Order Found | K14: ="🧾 رقم " & C14 & CHAR(10) & "📞 " & D14 & CHAR(10) & "👤 " & E14 & CHAR(10) & "📍 " & F14 & " - " & G14 & CHAR(10) & "🗺️ " & H14 & CHAR(10) & "🛒 الاوردر 👇" & CHAR(10) & J14 & CHAR(10) & "---------------------------" -> #N/A | M14: #N/A | N14: 28 | O14: Eslam ali
A15: =AlFayoumi!A15 | B15: =AlFayoumi!B15 | C15: =IFERROR(VLOOKUP(B15, Routes!B:G, 6, FALSE), "") | D15: =VLOOKUP(A15, AlFayoumi!A:O, 5, FALSE) -> #N/A | E15: =VLOOKUP(A15, AlFayoumi!A:O, 4, FALSE) -> #N/A | F15: =IFERROR(VLOOKUP(B15, DataBase!A:O, 5, FALSE), "No Order Found") -> No Order Found | G15: =IFERROR(VLOOKUP(B15, DataBase!A:O, 6, FALSE), "No Order Found") -> No Order Found | H15: =IFERROR(VLOOKUP(B15, DataBase!A:O, 7, FALSE), "No Order Found") -> No Order Found | I15: الاوردر👇 | J15: =IFERROR(VLOOKUP(A15, AlFayoumi!A:O, 3, FALSE), "No Order Found") -> No Order Found | K15: ="🧾 رقم " & C15 & CHAR(10) & "📞 " & D15 & CHAR(10) & "👤 " & E15 & CHAR(10) & "📍 " & F15 & " - " & G15 & CHAR(10) & "🗺️ " & H15 & CHAR(10) & "🛒 الاوردر 👇" & CHAR(10) & J15 & CHAR(10) & "---------------------------" -> #N/A | M15: #N/A | N15: 29
A16: =AlFayoumi!A16 | B16: =AlFayoumi!B16 | C16: =IFERROR(VLOOKUP(B16, Routes!B:G, 6, FALSE), "") | D16: =VLOOKUP(A16, AlFayoumi!A:O, 5, FALSE) -> #N/A | E16: =VLOOKUP(A16, AlFayoumi!A:O, 4, FALSE) -> #N/A | F16: =IFERROR(VLOOKUP(B16, DataBase!A:O, 5, FALSE), "No Order Found") -> No Order Found | G16: =IFERROR(VLOOKUP(B16, DataBase!A:O, 6, FALSE), "No Order Found") -> No Order Found | H16: =IFERROR(VLOOKUP(B16, DataBase!A:O, 7, FALSE), "No Order Found") -> No Order Found | I16: الاوردر👇 | J16: =IFERROR(VLOOKUP(A16, AlFayoumi!A:O, 3, FALSE), "No Order Found") -> No Order Found | K16: ="🧾 رقم " & C16 & CHAR(10) & "📞 " & L16 & D16 & CHAR(10) & "👤 " & E16 & CHAR(10) & "📍 " & F16 & " - " & G16 & CHAR(10) & "🗺️ " & H16 & CHAR(10) & "🛒 الاوردر 👇" & CHAR(10) & J16 & CHAR(10) & "---------------------------" -> #N/A | M16: #N/A | N16: 32
A17: =AlFayoumi!A17 | B17: =AlFayoumi!B17 | C17: =IFERROR(VLOOKUP(B17, Routes!B:G, 6, FALSE), "") | D17: =VLOOKUP(A17, AlFayoumi!A:O, 5, FALSE) -> #N/A | E17: =VLOOKUP(A17, AlFayoumi!A:O, 4, FALSE) -> #N/A | F17: =IFERROR(VLOOKUP(B17, DataBase!A:O, 5, FALSE), "No Order Found") -> No Order Found | G17: =IFERROR(VLOOKUP(B17, DataBase!A:O, 6, FALSE), "No Order Found") -> No Order Found | H17: =IFERROR(VLOOKUP(B17, DataBase!A:O, 7, FALSE), "No Order Found") -> No Order Found | I17: الاوردر👇 | J17: =IFERROR(VLOOKUP(A17, AlFayoumi!A:O, 3, FALSE), "No Order Found") -> No Order Found | K17: ="🧾 رقم " & C17 & CHAR(10) & "📞 " & D17 & CHAR(10) & "👤 " & E17 & CHAR(10) & "📍 " & F17 & " - " & G17 & CHAR(10) & "🗺️ " & H17 & CHAR(10) & "🛒 الاوردر 👇" & CHAR(10) & J17 & CHAR(10) & "---------------------------" -> #N/A | M17: #N/A | N17: 33
A18: =AlFayoumi!A18 | B18: =AlFayoumi!B18 | C18: =IFERROR(VLOOKUP(B18, Routes!B:G, 6, FALSE), "") | D18: =VLOOKUP(A18, AlFayoumi!A:O, 5, FALSE) -> #N/A | E18: =VLOOKUP(A18, AlFayoumi!A:O, 4, FALSE) -> #N/A | F18: =IFERROR(VLOOKUP(B18, DataBase!A:O, 5, FALSE), "No Order Found") -> No Order Found | G18: =IFERROR(VLOOKUP(B18, DataBase!A:O, 6, FALSE), "No Order Found") -> No Order Found | H18: =IFERROR(VLOOKUP(B18, DataBase!A:O, 7, FALSE), "No Order Found") -> No Order Found | I18: الاوردر👇 | J18: =IFERROR(VLOOKUP(A18, AlFayoumi!A:O, 3, FALSE), "No Order Found") -> No Order Found | K18: ="🧾 رقم " & C18 & CHAR(10) & "📞 " & D18 & CHAR(10) & "👤 " & E18 & CHAR(10) & "📍 " & F18 & " - " & G18 & CHAR(10) & "🗺️ " & H18 & CHAR(10) & "🛒 الاوردر 👇" & CHAR(10) & J18 & CHAR(10) & "---------------------------" -> #N/A | M18: #N/A | N18: 34
A19: =AlFayoumi!A19 | B19: =AlFayoumi!B19 | C19: =IFERROR(VLOOKUP(B19, Routes!B:G, 6, FALSE), "") | D19: =VLOOKUP(A19, AlFayoumi!A:O, 5, FALSE) -> #N/A | E19: =VLOOKUP(A19, AlFayoumi!A:O, 4, FALSE) -> #N/A | F19: =IFERROR(VLOOKUP(B19, DataBase!A:O, 5, FALSE), "No Order Found") -> No Order Found | G19: =IFERROR(VLOOKUP(B19, DataBase!A:O, 6, FALSE), "No Order Found") -> No Order Found | H19: =IFERROR(VLOOKUP(B19, DataBase!A:O, 7, FALSE), "No Order Found") -> No Order Found | I19: الاوردر👇 | J19: =IFERROR(VLOOKUP(A19, AlFayoumi!A:O, 3, FALSE), "No Order Found") -> No Order Found | K19: ="🧾 رقم " & C19 & CHAR(10) & "📞 " & D19 & CHAR(10) & "👤 " & E19 & CHAR(10) & "📍 " & F19 & " - " & G19 & CHAR(10) & "🗺️ " & H19 & CHAR(10) & "🛒 الاوردر 👇" & CHAR(10) & J19 & CHAR(10) & "---------------------------" -> #N/A | M19: #N/A | N19: 35
A20: =AlFayoumi!A20 | B20: =AlFayoumi!B20 | C20: =IFERROR(VLOOKUP(B20, Routes!B:G, 6, FALSE), "") | D20: =VLOOKUP(A20, AlFayoumi!A:O, 5, FALSE) -> #N/A | E20: =VLOOKUP(A20, AlFayoumi!A:O, 4, FALSE) -> #N/A | F20: =IFERROR(VLOOKUP(B20, DataBase!A:O, 5, FALSE), "No Order Found") -> No Order Found | G20: =IFERROR(VLOOKUP(B20, DataBase!A:O, 6, FALSE), "No Order Found") -> No Order Found | H20: =IFERROR(VLOOKUP(B20, DataBase!A:O, 7, FALSE), "No Order Found") -> No Order Found | I20: الاوردر👇 | J20: =IFERROR(VLOOKUP(A20, AlFayoumi!A:O, 3, FALSE), "No Order Found") -> No Order Found | K20: ="🧾 رقم " & C20 & CHAR(10) & "📞 " & D20 & CHAR(10) & "👤 " & E20 & CHAR(10) & "📍 " & F20 & " - " & G20 & CHAR(10) & "🗺️ " & H20 & CHAR(10) & "🛒 الاوردر 👇" & CHAR(10) & J20 & CHAR(10) & "---------------------------" -> #N/A | M20: #N/A | N20: 37
A21: =AlFayoumi!A21 | B21: =AlFayoumi!B21 | C21: =IFERROR(VLOOKUP(B21, Routes!B:G, 6, FALSE), "") | D21: =VLOOKUP(A21, AlFayoumi!A:O, 5, FALSE) -> #N/A | E21: =VLOOKUP(A21, AlFayoumi!A:O, 4, FALSE) -> #N/A | F21: =IFERROR(VLOOKUP(B21, DataBase!A:O, 5, FALSE), "No Order Found") -> No Order Found | G21: =IFERROR(VLOOKUP(B21, DataBase!A:O, 6, FALSE), "No Order Found") -> No Order Found | H21: =IFERROR(VLOOKUP(B21, DataBase!A:O, 7, FALSE), "No Order Found") -> No Order Found | I21: الاوردر👇 | J21: =IFERROR(VLOOKUP(A21, AlFayoumi!A:O, 3, FALSE), "No Order Found") -> No Order Found | K21: ="🧾 رقم " & C21 & CHAR(10) & "📞 " & D21 & CHAR(10) & "👤 " & E21 & CHAR(10) & "📍 " & F21 & " - " & G21 & CHAR(10) & "🗺️ " & H21 & CHAR(10) & "🛒 الاوردر 👇" & CHAR(10) & J21 & CHAR(10) & "---------------------------" -> #N/A | M21: #N/A | N21: 46
A22: =AlFayoumi!A22 | B22: =AlFayoumi!B22 | C22: =IFERROR(VLOOKUP(B22, Routes!B:G, 6, FALSE), "") | D22: =VLOOKUP(A22, AlFayoumi!A:O, 5, FALSE) -> #N/A | E22: =VLOOKUP(A22, AlFayoumi!A:O, 4, FALSE) -> #N/A | F22: =IFERROR(VLOOKUP(B22, DataBase!A:O, 5, FALSE), "No Order Found") -> No Order Found | G22: =IFERROR(VLOOKUP(B22, DataBase!A:O, 6, FALSE), "No Order Found") -> No Order Found | H22: =IFERROR(VLOOKUP(B22, DataBase!A:O, 7, FALSE), "No Order Found") -> No Order Found | I22: الاوردر👇 | J22: =IFERROR(VLOOKUP(A22, AlFayoumi!A:O, 3, FALSE), "No Order Found") -> No Order Found | K22: ="🧾 رقم " & C22 & CHAR(10) & "📞 " & D22 & CHAR(10) & "👤 " & E22 & CHAR(10) & "📍 " & F22 & " - " & G22 & CHAR(10) & "🗺️ " & H22 & CHAR(10) & "🛒 الاوردر 👇" & CHAR(10) & J22 & CHAR(10) & "---------------------------" -> #N/A | M22: #N/A
A23: =AlFayoumi!A23 | B23: =AlFayoumi!B23 | C23: =IFERROR(VLOOKUP(B23, Routes!B:G, 6, FALSE), "") | D23: =VLOOKUP(A23, AlFayoumi!A:O, 5, FALSE) -> #N/A | E23: =VLOOKUP(A23, AlFayoumi!A:O, 4, FALSE) -> #N/A | F23: =IFERROR(VLOOKUP(B23, DataBase!A:O, 5, FALSE), "No Order Found") -> No Order Found | G23: =IFERROR(VLOOKUP(B23, DataBase!A:O, 6, FALSE), "No Order Found") -> No Order Found | H23: =IFERROR(VLOOKUP(B23, DataBase!A:O, 7, FALSE), "No Order Found") -> No Order Found | I23: الاوردر👇 | J23: =IFERROR(VLOOKUP(A23, AlFayoumi!A:O, 3, FALSE), "No Order Found") -> No Order Found | K23: ="🧾 رقم " & C23 & CHAR(10) & "📞 " & D23 & CHAR(10) & "👤 " & E23 & CHAR(10) & "📍 " & F23 & " - " & G23 & CHAR(10) & "🗺️ " & H23 & CHAR(10) & "🛒 الاوردر 👇" & CHAR(10) & J23 & CHAR(10) & "---------------------------" -> #N/A | M23: #N/A
A24: =AlFayoumi!A24 | B24: =AlFayoumi!B24 | C24: =IFERROR(VLOOKUP(B24, Routes!B:G, 6, FALSE), "") | D24: =VLOOKUP(A24, AlFayoumi!A:O, 5, FALSE) -> #N/A | E24: =VLOOKUP(A24, AlFayoumi!A:O, 4, FALSE) -> #N/A | F24: =IFERROR(VLOOKUP(B24, DataBase!A:O, 5, FALSE), "No Order Found") -> No Order Found | G24: =IFERROR(VLOOKUP(B24, DataBase!A:O, 6, FALSE), "No Order Found") -> No Order Found | H24: =IFERROR(VLOOKUP(B24, DataBase!A:O, 7, FALSE), "No Order Found") -> No Order Found | I24: الاوردر👇 | J24: =IFERROR(VLOOKUP(A24, AlFayoumi!A:O, 3, FALSE), "No Order Found") -> No Order Found | K24: ="🧾 رقم " & C24 & CHAR(10) & "📞 " & D24 & CHAR(10) & "👤 " & E24 & CHAR(10) & "📍 " & F24 & " - " & G24 & CHAR(10) & "🗺️ " & H24 & CHAR(10) & "🛒 الاوردر 👇" & CHAR(10) & J24 & CHAR(10) & "---------------------------" -> #N/A | M24: #N/A
A25: =AlFayoumi!A25 | B25: =AlFayoumi!B25 | C25: =IFERROR(VLOOKUP(B25, Routes!B:G, 6, FALSE), "") | D25: =VLOOKUP(A25, AlFayoumi!A:O, 5, FALSE) -> #N/A | E25: =VLOOKUP(A25, AlFayoumi!A:O, 4, FALSE) -> #N/A | F25: =IFERROR(VLOOKUP(B25, DataBase!A:O, 5, FALSE), "No Order Found") -> No Order Found | G25: =IFERROR(VLOOKUP(B25, DataBase!A:O, 6, FALSE), "No Order Found") -> No Order Found | H25: =IFERROR(VLOOKUP(B25, DataBase!A:O, 7, FALSE), "No Order Found") -> No Order Found | I25: الاوردر👇 | J25: =IFERROR(VLOOKUP(A25, AlFayoumi!A:O, 3, FALSE), "No Order Found") -> No Order Found | K25: ="🧾 رقم " & C25 & CHAR(10) & "📞 " & D25 & CHAR(10) & "👤 " & E25 & CHAR(10) & "📍 " & F25 & " - " & G25 & CHAR(10) & "🗺️ " & H25 & CHAR(10) & "🛒 الاوردر 👇" & CHAR(10) & J25 & CHAR(10) & "---------------------------" -> #N/A | M25: #N/A
A26: =AlFayoumi!A26 | B26: =AlFayoumi!B26 | C26: =IFERROR(VLOOKUP(B26, Routes!B:G, 6, FALSE), "") | D26: =VLOOKUP(A26, AlFayoumi!A:O, 5, FALSE) -> #N/A | E26: =VLOOKUP(A26, AlFayoumi!A:O, 4, FALSE) -> #N/A | F26: =IFERROR(VLOOKUP(B26, DataBase!A:O, 5, FALSE), "No Order Found") -> No Order Found | G26: =IFERROR(VLOOKUP(B26, DataBase!A:O, 6, FALSE), "No Order Found") -> No Order Found | H26: =IFERROR(VLOOKUP(B26, DataBase!A:O, 7, FALSE), "No Order Found") -> No Order Found | I26: الاوردر👇 | J26: =IFERROR(VLOOKUP(A26, AlFayoumi!A:O, 3, FALSE), "No Order Found") -> No Order Found | K26: ="🧾 رقم " & C26 & CHAR(10) & "📞 " & D26 & CHAR(10) & "👤 " & E26 & CHAR(10) & "📍 " & F26 & " - " & G26 & CHAR(10) & "🗺️ " & H26 & CHAR(10) & "🛒 الاوردر 👇" & CHAR(10) & J26 & CHAR(10) & "---------------------------" -> #N/A | M26: #N/A
A27: =AlFayoumi!A27 | B27: =AlFayoumi!B27 | C27: =IFERROR(VLOOKUP(B27, Routes!B:G, 6, FALSE), "") | D27: =VLOOKUP(A27, AlFayoumi!A:O, 5, FALSE) -> #N/A | E27: =VLOOKUP(A27, AlFayoumi!A:O, 4, FALSE) -> #N/A | F27: =IFERROR(VLOOKUP(B27, DataBase!A:O, 5, FALSE), "No Order Found") -> No Order Found | G27: =IFERROR(VLOOKUP(B27, DataBase!A:O, 6, FALSE), "No Order Found") -> No Order Found | H27: =IFERROR(VLOOKUP(B27, DataBase!A:O, 7, FALSE), "No Order Found") -> No Order Found | I27: الاوردر👇 | J27: =IFERROR(VLOOKUP(A27, AlFayoumi!A:O, 3, FALSE), "No Order Found") -> No Order Found | K27: ="🧾 رقم " & C27 & CHAR(10) & "📞 " & D27 & CHAR(10) & "👤 " & E27 & CHAR(10) & "📍 " & F27 & " - " & G27 & CHAR(10) & "🗺️ " & H27 & CHAR(10) & "🛒 الاوردر 👇" & CHAR(10) & J27 & CHAR(10) & "---------------------------" -> #N/A | M27: #N/A
A28: =AlFayoumi!A28 | B28: =AlFayoumi!B28 | C28: =IFERROR(VLOOKUP(B28, Routes!B:G, 6, FALSE), "") | D28: =VLOOKUP(A28, AlFayoumi!A:O, 5, FALSE) -> #N/A | E28: =VLOOKUP(A28, AlFayoumi!A:O, 4, FALSE) -> #N/A | F28: =IFERROR(VLOOKUP(B28, DataBase!A:O, 5, FALSE), "No Order Found") -> No Order Found | G28: =IFERROR(VLOOKUP(B28, DataBase!A:O, 6, FALSE), "No Order Found") -> No Order Found | H28: =IFERROR(VLOOKUP(B28, DataBase!A:O, 7, FALSE), "No Order Found") -> No Order Found | I28: الاوردر👇 | J28: =IFERROR(VLOOKUP(A28, AlFayoumi!A:O, 3, FALSE), "No Order Found") -> No Order Found | K28: ="🧾 رقم " & C28 & CHAR(10) & "📞 " & D28 & CHAR(10) & "👤 " & E28 & CHAR(10) & "📍 " & F28 & " - " & G28 & CHAR(10) & "🗺️ " & H28 & CHAR(10) & "🛒 الاوردر 👇" & CHAR(10) & J28 & CHAR(10) & "---------------------------" -> #N/A | M28: #N/A
A29: =AlFayoumi!A29 | B29: =AlFayoumi!B29 | C29: =IFERROR(VLOOKUP(B29, Routes!B:G, 6, FALSE), "") | D29: =VLOOKUP(A29, AlFayoumi!A:O, 5, FALSE) -> #N/A | E29: =VLOOKUP(A29, AlFayoumi!A:O, 4, FALSE) -> #N/A | F29: =IFERROR(VLOOKUP(B29, DataBase!A:O, 5, FALSE), "No Order Found") -> No Order Found | G29: =IFERROR(VLOOKUP(B29, DataBase!A:O, 6, FALSE), "No Order Found") -> No Order Found | H29: =IFERROR(VLOOKUP(B29, DataBase!A:O, 7, FALSE), "No Order Found") -> No Order Found | I29: الاوردر👇 | J29: =IFERROR(VLOOKUP(A29, AlFayoumi!A:O, 3, FALSE), "No Order Found") -> No Order Found | K29: ="🧾 رقم " & C29 & CHAR(10) & "📞 " & D29 & CHAR(10) & "👤 " & E29 & CHAR(10) & "📍 " & F29 & " - " & G29 & CHAR(10) & "🗺️ " & H29 & CHAR(10) & "🛒 الاوردر 👇" & CHAR(10) & J29 & CHAR(10) & "---------------------------" -> #N/A | M29: #N/A
A30: =AlFayoumi!A30 | B30: =AlFayoumi!B30 | C30: =IFERROR(VLOOKUP(B30, Routes!B:G, 6, FALSE), "") | D30: =VLOOKUP(A30, AlFayoumi!A:O, 5, FALSE) -> #N/A | E30: =VLOOKUP(A30, AlFayoumi!A:O, 4, FALSE) -> #N/A | F30: =IFERROR(VLOOKUP(B30, DataBase!A:O, 5, FALSE), "No Order Found") -> No Order Found | G30: =IFERROR(VLOOKUP(B30, DataBase!A:O, 6, FALSE), "No Order Found") -> No Order Found | H30: =IFERROR(VLOOKUP(B30, DataBase!A:O, 7, FALSE), "No Order Found") -> No Order Found | I30: الاوردر👇 | J30: =IFERROR(VLOOKUP(A30, AlFayoumi!A:O, 3, FALSE), "No Order Found") -> No Order Found | K30: ="🧾 رقم " & C30 & CHAR(10) & "📞 " & D30 & CHAR(10) & "👤 " & E30 & CHAR(10) & "📍 " & F30 & " - " & G30 & CHAR(10) & "🗺️ " & H30 & CHAR(10) & "🛒 الاوردر 👇" & CHAR(10) & J30 & CHAR(10) & "---------------------------" -> #N/A | M30: #N/A
A31: =AlFayoumi!A31 | B31: =AlFayoumi!B31 | C31: =IFERROR(VLOOKUP(B31, Routes!B:G, 6, FALSE), "") | D31: =VLOOKUP(A31, AlFayoumi!A:O, 5, FALSE) -> #N/A | E31: =VLOOKUP(A31, AlFayoumi!A:O, 4, FALSE) -> #N/A | F31: =IFERROR(VLOOKUP(B31, DataBase!A:O, 5, FALSE), "No Order Found") -> No Order Found | G31: =IFERROR(VLOOKUP(B31, DataBase!A:O, 6, FALSE), "No Order Found") -> No Order Found | H31: =IFERROR(VLOOKUP(B31, DataBase!A:O, 7, FALSE), "No Order Found") -> No Order Found | I31: الاوردر👇 | J31: =IFERROR(VLOOKUP(A31, AlFayoumi!A:O, 3, FALSE), "No Order Found") -> No Order Found | K31: ="🧾 رقم " & C31 & CHAR(10) & "📞 " & D31 & CHAR(10) & "👤 " & E31 & CHAR(10) & "📍 " & F31 & " - " & G31 & CHAR(10) & "🗺️ " & H31 & CHAR(10) & "🛒 الاوردر 👇" & CHAR(10) & J31 & CHAR(10) & "---------------------------" -> #N/A | M31: #N/A
A32: =AlFayoumi!A32 | B32: =AlFayoumi!B32 | C32: =IFERROR(VLOOKUP(B32, Routes!B:G, 6, FALSE), "") | D32: =VLOOKUP(A32, AlFayoumi!A:O, 5, FALSE) -> #N/A | E32: =VLOOKUP(A32, AlFayoumi!A:O, 4, FALSE) -> #N/A | F32: =IFERROR(VLOOKUP(B32, DataBase!A:O, 5, FALSE), "No Order Found") -> No Order Found | G32: =IFERROR(VLOOKUP(B32, DataBase!A:O, 6, FALSE), "No Order Found") -> No Order Found | H32: =IFERROR(VLOOKUP(B32, DataBase!A:O, 7, FALSE), "No Order Found") -> No Order Found | I32: الاوردر👇 | J32: =IFERROR(VLOOKUP(A32, AlFayoumi!A:O, 3, FALSE), "No Order Found") -> No Order Found | K32: ="🧾 رقم " & C32 & CHAR(10) & "📞 " & D32 & CHAR(10) & "👤 " & E32 & CHAR(10) & "📍 " & F32 & " - " & G32 & CHAR(10) & "🗺️ " & H32 & CHAR(10) & "🛒 الاوردر 👇" & CHAR(10) & J32 & CHAR(10) & "---------------------------" -> #N/A | M32: #N/A
A33: =AlFayoumi!A33 | B33: =AlFayoumi!B33 | C33: =IFERROR(VLOOKUP(B33, Routes!B:G, 6, FALSE), "") | D33: =VLOOKUP(A33, AlFayoumi!A:O, 5, FALSE) -> #N/A | E33: =VLOOKUP(A33, AlFayoumi!A:O, 4, FALSE) -> #N/A | F33: =IFERROR(VLOOKUP(B33, DataBase!A:O, 5, FALSE), "No Order Found") -> No Order Found | G33: =IFERROR(VLOOKUP(B33, DataBase!A:O, 6, FALSE), "No Order Found") -> No Order Found | H33: =IFERROR(VLOOKUP(B33, DataBase!A:O, 7, FALSE), "No Order Found") -> No Order Found | I33: الاوردر👇 | J33: =IFERROR(VLOOKUP(A33, AlFayoumi!A:O, 3, FALSE), "No Order Found") -> No Order Found | K33: ="🧾 رقم " & C33 & CHAR(10) & "📞 " & D33 & CHAR(10) & "👤 " & E33 & CHAR(10) & "📍 " & F33 & " - " & G33 & CHAR(10) & "🗺️ " & H33 & CHAR(10) & "🛒 الاوردر 👇" & CHAR(10) & J33 & CHAR(10) & "---------------------------" -> #N/A | M33: #N/A
... A36: =AlFayoumi!A36 | B36: =AlFayoumi!B36 | C36: =IFERROR(VLOOKUP(B36, Routes!B:G, 6, FALSE), "") | D36: =VLOOKUP(A36, AlFayoumi!A:O, 5, FALSE) -> #N/A | E36: =VLOOKUP(A36, AlFayoumi!A:O, 4, FALSE) -> #N/A | F36: =IFERROR(VLOOKUP(B36, DataBase!A:O, 5, FALSE), "No Order Found") -> No Order Found | G36: =IFERROR(VLOOKUP(B36, DataBase!A:O, 6, FALSE), "No Order Found") -> No Order Found | H36: =IFERROR(VLOOKUP(B36, DataBase!A:O, 7, FALSE), "No Order Found") -> No Order Found | I36: الاوردر👇 | J36: =IFERROR(VLOOKUP(A36, AlFayoumi!A:O, 3, FALSE), "No Order Found") -> No Order Found | K36: ="🧾 رقم " & C36 & CHAR(10) & "📞 " & D36 & CHAR(10) & "👤 " & E36 & CHAR(10) & "📍 " & F36 & " - " & G36 & CHAR(10) & "🗺️ " & H36 & CHAR(10) & "🛒 الاوردر 👇" & CHAR(10) & J36 & CHAR(10) & "---------------------------" -> #N/A | M36: #N/A
A37: =AlFayoumi!A37 | B37: =AlFayoumi!B37 | C37: =IFERROR(VLOOKUP(B37, Routes!B:G, 6, FALSE), "") | D37: =VLOOKUP(A37, AlFayoumi!A:O, 5, FALSE) -> #N/A | E37: =VLOOKUP(A37, AlFayoumi!A:O, 4, FALSE) -> #N/A | F37: =IFERROR(VLOOKUP(B37, DataBase!A:O, 5, FALSE), "No Order Found") -> No Order Found | G37: =IFERROR(VLOOKUP(B37, DataBase!A:O, 6, FALSE), "No Order Found") -> No Order Found | H37: =IFERROR(VLOOKUP(B37, DataBase!A:O, 7, FALSE), "No Order Found") -> No Order Found | I37: الاوردر👇 | J37: =IFERROR(VLOOKUP(A37, AlFayoumi!A:O, 3, FALSE), "No Order Found") -> No Order Found | K37: ="🧾 رقم " & C37 & CHAR(10) & "📞 " & L37 & D37 & CHAR(10) & "👤 " & E37 & CHAR(10) & "📍 " & F37 & " - " & G37 & CHAR(10) & "🗺️ " & H37 & CHAR(10) & "🛒 الاوردر 👇" & CHAR(10) & J37 & CHAR(10) & "---------------------------" -> #N/A | M37: #N/A
A38: =AlFayoumi!A38 | B38: =AlFayoumi!B38 | C38: =IFERROR(VLOOKUP(B38, Routes!B:G, 6, FALSE), "") | D38: =VLOOKUP(A38, AlFayoumi!A:O, 5, FALSE) -> #N/A | E38: =VLOOKUP(A38, AlFayoumi!A:O, 4, FALSE) -> #N/A | F38: =IFERROR(VLOOKUP(B38, DataBase!A:O, 5, FALSE), "No Order Found") -> No Order Found | G38: =IFERROR(VLOOKUP(B38, DataBase!A:O, 6, FALSE), "No Order Found") -> No Order Found | H38: =IFERROR(VLOOKUP(B38, DataBase!A:O, 7, FALSE), "No Order Found") -> No Order Found | I38: الاوردر👇 | J38: =IFERROR(VLOOKUP(A38, AlFayoumi!A:O, 3, FALSE), "No Order Found") -> No Order Found | K38: ="🧾 رقم " & C38 & CHAR(10) & "📞 " & D38 & CHAR(10) & "👤 " & E38 & CHAR(10) & "📍 " & F38 & " - " & G38 & CHAR(10) & "🗺️ " & H38 & CHAR(10) & "🛒 الاوردر 👇" & CHAR(10) & J38 & CHAR(10) & "---------------------------" -> #N/A | M38: #N/A
A39: =AlFayoumi!A39 | B39: =AlFayoumi!B39 | C39: =IFERROR(VLOOKUP(B39, Routes!B:G, 6, FALSE), "") | D39: =VLOOKUP(A39, AlFayoumi!A:O, 5, FALSE) -> #N/A | E39: =VLOOKUP(A39, AlFayoumi!A:O, 4, FALSE) -> #N/A | F39: =IFERROR(VLOOKUP(B39, DataBase!A:O, 5, FALSE), "No Order Found") -> No Order Found | G39: =IFERROR(VLOOKUP(B39, DataBase!A:O, 6, FALSE), "No Order Found") -> No Order Found | H39: =IFERROR(VLOOKUP(B39, DataBase!A:O, 7, FALSE), "No Order Found") -> No Order Found | I39: الاوردر👇 | J39: =IFERROR(VLOOKUP(A39, AlFayoumi!A:O, 3, FALSE), "No Order Found") -> No Order Found | K39: ="🧾 رقم " & C39 & CHAR(10) & "📞 " & D39 & CHAR(10) & "👤 " & E39 & CHAR(10) & "📍 " & F39 & " - " & G39 & CHAR(10) & "🗺️ " & H39 & CHAR(10) & "🛒 الاوردر 👇" & CHAR(10) & J39 & CHAR(10) & "---------------------------" -> #N/A | M39: #N/A
A40: =AlFayoumi!A40 | B40: =AlFayoumi!B40 | C40: =IFERROR(VLOOKUP(B40, Routes!B:G, 6, FALSE), "") | D40: =VLOOKUP(A40, AlFayoumi!A:O, 5, FALSE) -> #N/A | E40: =VLOOKUP(A40, AlFayoumi!A:O, 4, FALSE) -> #N/A | F40: =IFERROR(VLOOKUP(B40, DataBase!A:O, 5, FALSE), "No Order Found") -> No Order Found | G40: =IFERROR(VLOOKUP(B40, DataBase!A:O, 6, FALSE), "No Order Found") -> No Order Found | H40: =IFERROR(VLOOKUP(B40, DataBase!A:O, 7, FALSE), "No Order Found") -> No Order Found | I40: الاوردر👇 | J40: =IFERROR(VLOOKUP(A40, AlFayoumi!A:O, 3, FALSE), "No Order Found") -> No Order Found | K40: ="🧾 رقم " & C40 & CHAR(10) & "📞 " & D40 & CHAR(10) & "👤 " & E40 & CHAR(10) & "📍 " & F40 & " - " & G40 & CHAR(10) & "🗺️ " & H40 & CHAR(10) & "🛒 الاوردر 👇" & CHAR(10) & J40 & CHAR(10) & "---------------------------" -> #N/A | M40: #N/A
A41: =AlFayoumi!A41 | B41: =AlFayoumi!B41 | C41: =IFERROR(VLOOKUP(B41, Routes!B:G, 6, FALSE), "") | D41: =VLOOKUP(A41, AlFayoumi!A:O, 5, FALSE) -> #N/A | E41: =VLOOKUP(A41, AlFayoumi!A:O, 4, FALSE) -> #N/A | F41: =IFERROR(VLOOKUP(B41, DataBase!A:O, 5, FALSE), "No Order Found") -> No Order Found | G41: =IFERROR(VLOOKUP(B41, DataBase!A:O, 6, FALSE), "No Order Found") -> No Order Found | H41: =IFERROR(VLOOKUP(B41, DataBase!A:O, 7, FALSE), "No Order Found") -> No Order Found | I41: الاوردر👇 | J41: =IFERROR(VLOOKUP(A41, AlFayoumi!A:O, 3, FALSE), "No Order Found") -> No Order Found | K41: ="🧾 رقم " & C41 & CHAR(10) & "📞 " & D41 & CHAR(10) & "👤 " & E41 & CHAR(10) & "📍 " & F41 & " - " & G41 & CHAR(10) & "🗺️ " & H41 & CHAR(10) & "🛒 الاوردر 👇" & CHAR(10) & J41 & CHAR(10) & "---------------------------" -> #N/A | M41: #N/A
A42: =AlFayoumi!A42 | B42: =AlFayoumi!B42 | C42: =IFERROR(VLOOKUP(B42, Routes!B:G, 6, FALSE), "") | D42: =VLOOKUP(A42, AlFayoumi!A:O, 5, FALSE) -> #N/A | E42: =VLOOKUP(A42, AlFayoumi!A:O, 4, FALSE) -> #N/A | F42: =IFERROR(VLOOKUP(B42, DataBase!A:O, 5, FALSE), "No Order Found") -> No Order Found | G42: =IFERROR(VLOOKUP(B42, DataBase!A:O, 6, FALSE), "No Order Found") -> No Order Found | H42: =IFERROR(VLOOKUP(B42, DataBase!A:O, 7, FALSE), "No Order Found") -> No Order Found | I42: الاوردر👇 | J42: =IFERROR(VLOOKUP(A42, AlFayoumi!A:O, 3, FALSE), "No Order Found") -> No Order Found | K42: ="🧾 رقم " & C42 & CHAR(10) & "📞 " & D42 & CHAR(10) & "👤 " & E42 & CHAR(10) & "📍 " & F42 & " - " & G42 & CHAR(10) & "🗺️ " & H42 & CHAR(10) & "🛒 الاوردر 👇" & CHAR(10) & J42 & CHAR(10) & "---------------------------" -> #N/A | M42: #N/A
A43: =AlFayoumi!A43 | B43: =AlFayoumi!B43 | C43: =IFERROR(VLOOKUP(B43, Routes!B:G, 6, FALSE), "") | D43: =VLOOKUP(A43, AlFayoumi!A:O, 5, FALSE) -> #N/A | E43: =VLOOKUP(A43, AlFayoumi!A:O, 4, FALSE) -> #N/A | F43: =IFERROR(VLOOKUP(B43, DataBase!A:O, 5, FALSE), "No Order Found") -> No Order Found | G43: =IFERROR(VLOOKUP(B43, DataBase!A:O, 6, FALSE), "No Order Found") -> No Order Found | H43: =IFERROR(VLOOKUP(B43, DataBase!A:O, 7, FALSE), "No Order Found") -> No Order Found | I43: الاوردر👇 | J43: =IFERROR(VLOOKUP(A43, AlFayoumi!A:O, 3, FALSE), "No Order Found") -> No Order Found | K43: ="🧾 رقم " & C43 & CHAR(10) & "📞 " & D43 & CHAR(10) & "👤 " & E43 & CHAR(10) & "📍 " & F43 & " - " & G43 & CHAR(10) & "🗺️ " & H43 & CHAR(10) & "🛒 الاوردر 👇" & CHAR(10) & J43 & CHAR(10) & "---------------------------" -> #N/A | M43: #N/A
A44: =AlFayoumi!A44 | B44: =AlFayoumi!B44 | C44: =IFERROR(VLOOKUP(B44, Routes!B:G, 6, FALSE), "") | D44: =VLOOKUP(A44, AlFayoumi!A:O, 5, FALSE) -> #N/A | E44: =VLOOKUP(A44, AlFayoumi!A:O, 4, FALSE) -> #N/A | F44: =IFERROR(VLOOKUP(B44, DataBase!A:O, 5, FALSE), "No Order Found") -> No Order Found | G44: =IFERROR(VLOOKUP(B44, DataBase!A:O, 6, FALSE), "No Order Found") -> No Order Found | H44: =IFERROR(VLOOKUP(B44, DataBase!A:O, 7, FALSE), "No Order Found") -> No Order Found | I44: الاوردر👇 | J44: =IFERROR(VLOOKUP(A44, AlFayoumi!A:O, 3, FALSE), "No Order Found") -> No Order Found | K44: ="🧾 رقم " & C44 & CHAR(10) & "📞 " & L44 & D44 & CHAR(10) & "👤 " & E44 & CHAR(10) & "📍 " & F44 & " - " & G44 & CHAR(10) & "🗺️ " & H44 & CHAR(10) & "🛒 الاوردر 👇" & CHAR(10) & J44 & CHAR(10) & "---------------------------" -> #N/A | M44: #N/A
A45: =AlFayoumi!A45 | B45: =AlFayoumi!B45 | C45: =IFERROR(VLOOKUP(B45, Routes!B:G, 6, FALSE), "") | D45: =VLOOKUP(A45, AlFayoumi!A:O, 5, FALSE) -> #N/A | E45: =VLOOKUP(A45, AlFayoumi!A:O, 4, FALSE) -> #N/A | F45: =IFERROR(VLOOKUP(B45, DataBase!A:O, 5, FALSE), "No Order Found") -> No Order Found | G45: =IFERROR(VLOOKUP(B45, DataBase!A:O, 6, FALSE), "No Order Found") -> No Order Found | H45: =IFERROR(VLOOKUP(B45, DataBase!A:O, 7, FALSE), "No Order Found") -> No Order Found | I45: الاوردر👇 | J45: =IFERROR(VLOOKUP(A45, AlFayoumi!A:O, 3, FALSE), "No Order Found") -> No Order Found | K45: ="🧾 رقم " & C45 & CHAR(10) & "📞 " & D45 & CHAR(10) & "👤 " & E45 & CHAR(10) & "📍 " & F45 & " - " & G45 & CHAR(10) & "🗺️ " & H45 & CHAR(10) & "🛒 الاوردر 👇" & CHAR(10) & J45 & CHAR(10) & "---------------------------" -> #N/A | M45: #N/A
A46: =AlFayoumi!A46 | B46: =AlFayoumi!B46 | C46: =IFERROR(VLOOKUP(B46, Routes!B:G, 6, FALSE), "") | D46: =VLOOKUP(A46, AlFayoumi!A:O, 5, FALSE) -> #N/A | E46: =VLOOKUP(A46, AlFayoumi!A:O, 4, FALSE) -> #N/A | F46: =IFERROR(VLOOKUP(B46, DataBase!A:O, 5, FALSE), "No Order Found") -> No Order Found | G46: =IFERROR(VLOOKUP(B46, DataBase!A:O, 6, FALSE), "No Order Found") -> No Order Found | H46: =IFERROR(VLOOKUP(B46, DataBase!A:O, 7, FALSE), "No Order Found") -> No Order Found | I46: الاوردر👇 | J46: =IFERROR(VLOOKUP(A46, AlFayoumi!A:O, 3, FALSE), "No Order Found") -> No Order Found | K46: ="🧾 رقم " & C46 & CHAR(10) & "📞 " & L46 & D46 & CHAR(10) & "👤 " & E46 & CHAR(10) & "📍 " & F46 & " - " & G46 & CHAR(10) & "🗺️ " & H46 & CHAR(10) & "🛒 الاوردر 👇" & CHAR(10) & J46 & CHAR(10) & "---------------------------" -> #N/A | M46: #N/A
A47: =AlFayoumi!A47 | B47: =AlFayoumi!B47 | C47: =IFERROR(VLOOKUP(B47, Routes!B:G, 6, FALSE), "") | D47: =VLOOKUP(A47, AlFayoumi!A:O, 5, FALSE) -> #N/A | E47: =VLOOKUP(A47, AlFayoumi!A:O, 4, FALSE) -> #N/A | F47: =IFERROR(VLOOKUP(B47, DataBase!A:O, 5, FALSE), "No Order Found") -> No Order Found | G47: =IFERROR(VLOOKUP(B47, DataBase!A:O, 6, FALSE), "No Order Found") -> No Order Found | H47: =IFERROR(VLOOKUP(B47, DataBase!A:O, 7, FALSE), "No Order Found") -> No Order Found | I47: الاوردر👇 | J47: =IFERROR(VLOOKUP(A47, AlFayoumi!A:O, 3, FALSE), "No Order Found") -> No Order Found | K47: ="🧾 رقم " & C47 & CHAR(10) & "📞 " & D47 & CHAR(10) & "👤 " & E47 & CHAR(10) & "📍 " & F47 & " - " & G47 & CHAR(10) & "🗺️ " & H47 & CHAR(10) & "🛒 الاوردر 👇" & CHAR(10) & J47 & CHAR(10) & "---------------------------" -> #N/A | M47: #N/A
A48: =AlFayoumi!A48 | B48: =AlFayoumi!B48 | C48: =IFERROR(VLOOKUP(B48, Routes!B:G, 6, FALSE), "") | D48: =VLOOKUP(A48, AlFayoumi!A:O, 5, FALSE) -> #N/A | E48: =VLOOKUP(A48, AlFayoumi!A:O, 4, FALSE) -> #N/A | F48: =IFERROR(VLOOKUP(B48, DataBase!A:O, 5, FALSE), "No Order Found") -> No Order Found | G48: =IFERROR(VLOOKUP(B48, DataBase!A:O, 6, FALSE), "No Order Found") -> No Order Found | H48: =IFERROR(VLOOKUP(B48, DataBase!A:O, 7, FALSE), "No Order Found") -> No Order Found | I48: الاوردر👇 | J48: =IFERROR(VLOOKUP(A48, AlFayoumi!A:O, 3, FALSE), "No Order Found") -> No Order Found | K48: ="🧾 رقم " & C48 & CHAR(10) & "📞 " & D48 & CHAR(10) & "👤 " & E48 & CHAR(10) & "📍 " & F48 & " - " & G48 & CHAR(10) & "🗺️ " & H48 & CHAR(10) & "🛒 الاوردر 👇" & CHAR(10) & J48 & CHAR(10) & "---------------------------" -> #N/A | M48: #N/A
A49: =AlFayoumi!A49 | B49: =AlFayoumi!B49 | C49: =IFERROR(VLOOKUP(B49, Routes!B:G, 6, FALSE), "")
A50: =AlFayoumi!A50 | B50: =AlFayoumi!B50 | C50: =IFERROR(VLOOKUP(B50, Routes!B:G, 6, FALSE), "")
A51: =AlFayoumi!A51 | B51: =AlFayoumi!B51 | C51: =IFERROR(VLOOKUP(B51, Routes!B:G, 6, FALSE), "")
A52: =AlFayoumi!A52 | B52: =AlFayoumi!B52 | C52: =IFERROR(VLOOKUP(B52, Routes!B:G, 6, FALSE), "")
A53: =AlFayoumi!A53 | B53: =AlFayoumi!B53 | C53: =IFERROR(VLOOKUP(B53, Routes!B:G, 6, FALSE), "")
A54: =AlFayoumi!A54 | B54: =AlFayoumi!B54 | C54: =IFERROR(VLOOKUP(B54, Routes!B:G, 6, FALSE), "")
A55: =AlFayoumi!A55 | B55: =AlFayoumi!B55
A56: =AlFayoumi!A56 | B56: =AlFayoumi!B56
A57: =AlFayoumi!A56 | B57: =AlFayoumi!B56
A58: =AlFayoumi!A57 | B58: =AlFayoumi!B57
A59: =AlFayoumi!A58 | B59: =AlFayoumi!B58
A60: =AlFayoumi!A59 | B60: =AlFayoumi!B59
A61: =AlFayoumi!A60 | B61: =AlFayoumi!B60
A62: =AlFayoumi!A61 | B62: =AlFayoumi!B61
A63: =AlFayoumi!A62 | B63: =AlFayoumi!B62
A64: =AlFayoumi!A63 | B64: =AlFayoumi!B63
A65: =AlFayoumi!A64 | B65: =AlFayoumi!B64
A66: =AlFayoumi!A65 | B66: =AlFayoumi!B65
A67: =AlFayoumi!A66 | B67: =AlFayoumi!B66
A68: =AlFayoumi!A67 | B68: =AlFayoumi!B67
... A82: =AlFayoumi!A81 | B82: =AlFayoumi!B81
A83: =AlFayoumi!A11 -> O1779285905718 | B83: =AlFayoumi!B11 -> C1768655293606
A84: =AlFayoumi!A12 -> O1779289844939 | B84: =AlFayoumi!B12 -> C1776633916549
A85: =AlFayoumi!A13 | B85: =AlFayoumi!B13
A86: =AlFayoumi!A14 | B86: =AlFayoumi!B14
A87: =AlFayoumi!A15 | B87: =AlFayoumi!B15
A88: =AlFayoumi!A16 | B88: =AlFayoumi!B16
A89: =AlFayoumi!A17 | B89: =AlFayoumi!B17
A90: =AlFayoumi!A18 | B90: =AlFayoumi!B18
A91: =AlFayoumi!A19 | B91: =AlFayoumi!B19
A92: =AlFayoumi!A20 | B92: =AlFayoumi!B20
A93: =AlFayoumi!A21 | B93: =AlFayoumi!B21
A94: =AlFayoumi!A22 | B94: =AlFayoumi!B22
... A103: =AlFayoumi!A31 | B103: =AlFayoumi!B31

Sheet Routes
A1: Location | B1: Customer ID | C1: Customer Name | D1: Latitude | E1: Longitude | F1: Distance (KM) | G1: Visit Order | H1: 24.514557 | I1: 54.375854 | J1: 24.490752 | K1: 54.400017 | L1: الريم | M1: 24.514557 | N1: 54.375854 | O1: المينا
A2: =IFERROR(VLOOKUP(B2, DataBase!A:O, 7, FALSE), "No Order Found") -> https://www.google.com/maps?q=24.488376387234172,54.36703744083892 | B2: =AlFayoumi!B5 -> C1768653088625 | C2: =IFERROR(VLOOKUP(B2, DataBase!A:O, 2, FALSE), "No Order Found") -> Jasmine Behery | D2: =VALUE(TRIM(LEFT(RIGHT(A2,LEN(A2)-FIND("=",A2)),FIND(",",RIGHT(A2,LEN(A2)-FIND("=",A2)))-1))) -> 24.488376 | E2: =VALUE(TRIM(RIGHT(A2,LEN(A2)-FIND(",",A2)))) -> 54.367037 | F2: =IFERROR(ACOS(SIN(RADIANS($H$1))*SIN(RADIANS(D2))+COS(RADIANS($H$1))*COS(RADIANS(D2))*COS(RADIANS(E2)-RADIANS($I$1)))*6371,"") -> 3.0447663 | G2: 1
A3: =IFERROR(VLOOKUP(B3, DataBase!A:O, 7, FALSE), "No Order Found") -> https://www.google.com/maps?q=24.476906066431106,54.367972972393915 | B3: =AlFayoumi!B2 -> C1776884700619 | C3: =IFERROR(VLOOKUP(B3, DataBase!A:O, 2, FALSE), "No Order Found") -> ملك عمرو | D3: =VALUE(TRIM(LEFT(RIGHT(A3,LEN(A3)-FIND("=",A3)),FIND(",",RIGHT(A3,LEN(A3)-FIND("=",A3)))-1))) -> 24.476906 | E3: =VALUE(TRIM(RIGHT(A3,LEN(A3)-FIND(",",A3)))) -> 54.367973 | F3: =IFERROR(ACOS(SIN(RADIANS($H$1))*SIN(RADIANS(D3))+COS(RADIANS($H$1))*COS(RADIANS(D3))*COS(RADIANS(E3)-RADIANS($I$1)))*6371,"") -> 4.2618648 | G3: 2
A4: =IFERROR(VLOOKUP(B4, DataBase!A:O, 7, FALSE), "No Order Found") -> https://www.google.com/maps?q=24.4839877,54.3736343 | B4: =AlFayoumi!B8 -> C1778243253026 | C4: =IFERROR(VLOOKUP(B4, DataBase!A:O, 2, FALSE), "No Order Found") -> دعاء صالح | D4: =VALUE(TRIM(LEFT(RIGHT(A4,LEN(A4)-FIND("=",A4)),FIND(",",RIGHT(A4,LEN(A4)-FIND("=",A4)))-1))) -> 24.483988 | E4: =VALUE(TRIM(RIGHT(A4,LEN(A4)-FIND(",",A4)))) -> 54.373634 | F4: =IFERROR(ACOS(SIN(RADIANS($H$1))*SIN(RADIANS(D4))+COS(RADIANS($H$1))*COS(RADIANS(D4))*COS(RADIANS(E4)-RADIANS($I$1)))*6371,"") -> 3.4065631 | G4: 3
A5: =IFERROR(VLOOKUP(B5, DataBase!A:O, 7, FALSE), "No Order Found") -> https://www.google.com/maps?q=24.4907523,54.4000173 | B5: =AlFayoumi!B7 -> C1769324778781 | C5: =IFERROR(VLOOKUP(B5, DataBase!A:O, 2, FALSE), "No Order Found") -> Eman Elkoumy | D5: =VALUE(TRIM(LEFT(RIGHT(A5,LEN(A5)-FIND("=",A5)),FIND(",",RIGHT(A5,LEN(A5)-FIND("=",A5)))-1))) -> 24.490752 | E5: =VALUE(TRIM(RIGHT(A5,LEN(A5)-FIND(",",A5)))) -> 54.400017 | F5: =IFERROR(ACOS(SIN(RADIANS($H$1))*SIN(RADIANS(D5))+COS(RADIANS($H$1))*COS(RADIANS(D5))*COS(RADIANS(E5)-RADIANS($I$1)))*6371,"") -> 3.6033004 | G5: 4
A6: =IFERROR(VLOOKUP(B6, DataBase!A:O, 7, FALSE), "No Order Found") -> https://www.google.com/maps?q=24.413685,54.495136 | B6: =AlFayoumi!B12 -> C1776633916549 | C6: =IFERROR(VLOOKUP(B6, DataBase!A:O, 2, FALSE), "No Order Found") -> Aya | D6: =VALUE(TRIM(LEFT(RIGHT(A6,LEN(A6)-FIND("=",A6)),FIND(",",RIGHT(A6,LEN(A6)-FIND("=",A6)))-1))) -> 24.413685 | E6: =VALUE(TRIM(RIGHT(A6,LEN(A6)-FIND(",",A6)))) -> 54.495136 | F6: =IFERROR(ACOS(SIN(RADIANS($H$1))*SIN(RADIANS(D6))+COS(RADIANS($H$1))*COS(RADIANS(D6))*COS(RADIANS(E6)-RADIANS($I$1)))*6371,"") -> 16.479089 | G6: 5
A7: =IFERROR(VLOOKUP(B7, DataBase!A:O, 7, FALSE), "No Order Found") -> https://www.google.com/maps?q=24.405996821373577,54.517312166606 | B7: =AlFayoumi!B6 -> C1778325015999 | C7: =IFERROR(VLOOKUP(B7, DataBase!A:O, 2, FALSE), "No Order Found") -> Esraa Elwakel | D7: =VALUE(TRIM(LEFT(RIGHT(A7,LEN(A7)-FIND("=",A7)),FIND(",",RIGHT(A7,LEN(A7)-FIND("=",A7)))-1))) -> 24.405997 | E7: =VALUE(TRIM(RIGHT(A7,LEN(A7)-FIND(",",A7)))) -> 54.517312 | F7: =IFERROR(ACOS(SIN(RADIANS($H$1))*SIN(RADIANS(D7))+COS(RADIANS($H$1))*COS(RADIANS(D7))*COS(RADIANS(E7)-RADIANS($I$1)))*6371,"") -> 18.727345 | G7: 6
A8: =IFERROR(VLOOKUP(B8, DataBase!A:O, 7, FALSE), "No Order Found") -> https://www.google.com/maps?q=24.4018107,54.519146 | B8: =AlFayoumi!B9 -> C1776515849146 | C8: =IFERROR(VLOOKUP(B8, DataBase!A:O, 2, FALSE), "No Order Found") -> هاجر محمد | D8: =VALUE(TRIM(LEFT(RIGHT(A8,LEN(A8)-FIND("=",A8)),FIND(",",RIGHT(A8,LEN(A8)-FIND("=",A8)))-1))) -> 24.401811 | E8: =VALUE(TRIM(RIGHT(A8,LEN(A8)-FIND(",",A8)))) -> 54.519146 | F8: =IFERROR(ACOS(SIN(RADIANS($H$1))*SIN(RADIANS(D8))+COS(RADIANS($H$1))*COS(RADIANS(D8))*COS(RADIANS(E8)-RADIANS($I$1)))*6371,"") -> 19.170927 | G8: 7
A9: =IFERROR(VLOOKUP(B9, DataBase!A:O, 7, FALSE), "No Order Found") -> https://www.google.com/maps?q=24.396056135766734,54.5660779698686 | B9: =AlFayoumi!B11 -> C1768655293606 | C9: =IFERROR(VLOOKUP(B9, DataBase!A:O, 2, FALSE), "No Order Found") -> Naglaa Eslam | D9: =VALUE(TRIM(LEFT(RIGHT(A9,LEN(A9)-FIND("=",A9)),FIND(",",RIGHT(A9,LEN(A9)-FIND("=",A9)))-1))) -> 24.396056 | E9: =VALUE(TRIM(RIGHT(A9,LEN(A9)-FIND(",",A9)))) -> 54.566078 | F9: =IFERROR(ACOS(SIN(RADIANS($H$1))*SIN(RADIANS(D9))+COS(RADIANS($H$1))*COS(RADIANS(D9))*COS(RADIANS(E9)-RADIANS($I$1)))*6371,"") -> 23.331361 | G9: 8
A10: =IFERROR(VLOOKUP(B10, DataBase!A:O, 7, FALSE), "No Order Found") -> https://www.google.com/maps?q=24.3795837,54.6433836 | B10: =AlFayoumi!B10 -> C1770412918700 | C10: =IFERROR(VLOOKUP(B10, DataBase!A:O, 2, FALSE), "No Order Found") -> Heba Motawea | D10: =VALUE(TRIM(LEFT(RIGHT(A10,LEN(A10)-FIND("=",A10)),FIND(",",RIGHT(A10,LEN(A10)-FIND("=",A10)))-1))) -> 24.379584 | E10: =VALUE(TRIM(RIGHT(A10,LEN(A10)-FIND(",",A10)))) -> 54.643384 | F10: =IFERROR(ACOS(SIN(RADIANS($H$1))*SIN(RADIANS(D10))+COS(RADIANS($H$1))*COS(RADIANS(D10))*COS(RADIANS(E10)-RADIANS($I$1)))*6371,"") -> 30.961626 | G10: 9
A11: =IFERROR(VLOOKUP(B11, DataBase!A:O, 7, FALSE), "No Order Found") -> https://www.google.com/maps?q=24.32160286901728,54.62401405136186 | B11: =AlFayoumi!B4 -> C1778181837755 | C11: =IFERROR(VLOOKUP(B11, DataBase!A:O, 2, FALSE), "No Order Found") -> هاجر السيد | D11: =VALUE(TRIM(LEFT(RIGHT(A11,LEN(A11)-FIND("=",A11)),FIND(",",RIGHT(A11,LEN(A11)-FIND("=",A11)))-1))) -> 24.321603 | E11: =VALUE(TRIM(RIGHT(A11,LEN(A11)-FIND(",",A11)))) -> 54.624014 | F11: =IFERROR(ACOS(SIN(RADIANS($H$1))*SIN(RADIANS(D11))+COS(RADIANS($H$1))*COS(RADIANS(D11))*COS(RADIANS(E11)-RADIANS($I$1)))*6371,"") -> 33.040138 | G11: 10
A12: =IFERROR(VLOOKUP(B12, DataBase!A:O, 7, FALSE), "No Order Found") -> https://www.google.com/maps?q=24.333568155473717,54.71084769152754 | B12: =AlFayoumi!B3 -> C1779191613438 | C12: =IFERROR(VLOOKUP(B12, DataBase!A:O, 2, FALSE), "No Order Found") -> ساره ذكى | D12: =VALUE(TRIM(LEFT(RIGHT(A12,LEN(A12)-FIND("=",A12)),FIND(",",RIGHT(A12,LEN(A12)-FIND("=",A12)))-1))) -> 24.333568 | E12: =VALUE(TRIM(RIGHT(A12,LEN(A12)-FIND(",",A12)))) -> 54.710848 | F12: =IFERROR(ACOS(SIN(RADIANS($H$1))*SIN(RADIANS(D12))+COS(RADIANS($H$1))*COS(RADIANS(D12))*COS(RADIANS(E12)-RADIANS($I$1)))*6371,"") -> 39.437538 | G12: 11
A13: =IFERROR(VLOOKUP(B13, DataBase!A:O, 7, FALSE), "No Order Found") -> No Order Found | B13: =AlFayoumi!B13 | C13: =IFERROR(VLOOKUP(B13, DataBase!A:O, 2, FALSE), "No Order Found") -> No Order Found | D13: =VALUE(TRIM(LEFT(RIGHT(A13,LEN(A13)-FIND("=",A13)),FIND(",",RIGHT(A13,LEN(A13)-FIND("=",A13)))-1))) -> #VALUE! | E13: =VALUE(TRIM(RIGHT(A13,LEN(A13)-FIND(",",A13)))) -> #VALUE! | F13: =IFERROR(ACOS(SIN(RADIANS($H$1))*SIN(RADIANS(D13))+COS(RADIANS($H$1))*COS(RADIANS(D13))*COS(RADIANS(E13)-RADIANS($I$1)))*6371,"")
A14: =IFERROR(VLOOKUP(B14, DataBase!A:O, 7, FALSE), "No Order Found") -> No Order Found | B14: =AlFayoumi!B14 | C14: =IFERROR(VLOOKUP(B14, DataBase!A:O, 2, FALSE), "No Order Found") -> No Order Found | D14: =VALUE(TRIM(LEFT(RIGHT(A14,LEN(A14)-FIND("=",A14)),FIND(",",RIGHT(A14,LEN(A14)-FIND("=",A14)))-1))) -> #VALUE! | E14: =VALUE(TRIM(RIGHT(A14,LEN(A14)-FIND(",",A14)))) -> #VALUE! | F14: =IFERROR(ACOS(SIN(RADIANS($H$1))*SIN(RADIANS(D14))+COS(RADIANS($H$1))*COS(RADIANS(D14))*COS(RADIANS(E14)-RADIANS($I$1)))*6371,"")
A15: =IFERROR(VLOOKUP(B15, DataBase!A:O, 7, FALSE), "No Order Found") -> No Order Found | B15: =AlFayoumi!B15 | C15: =IFERROR(VLOOKUP(B15, DataBase!A:O, 2, FALSE), "No Order Found") -> No Order Found | D15: =VALUE(TRIM(LEFT(RIGHT(A15,LEN(A15)-FIND("=",A15)),FIND(",",RIGHT(A15,LEN(A15)-FIND("=",A15)))-1))) -> #VALUE! | E15: =VALUE(TRIM(RIGHT(A15,LEN(A15)-FIND(",",A15)))) -> #VALUE! | F15: =IFERROR(ACOS(SIN(RADIANS($H$1))*SIN(RADIANS(D15))+COS(RADIANS($H$1))*COS(RADIANS(D15))*COS(RADIANS(E15)-RADIANS($I$1)))*6371,"")
A16: =IFERROR(VLOOKUP(B16, DataBase!A:O, 7, FALSE), "No Order Found") -> No Order Found | B16: =AlFayoumi!B16 | C16: =IFERROR(VLOOKUP(B16, DataBase!A:O, 2, FALSE), "No Order Found") -> No Order Found | D16: =VALUE(TRIM(LEFT(RIGHT(A16,LEN(A16)-FIND("=",A16)),FIND(",",RIGHT(A16,LEN(A16)-FIND("=",A16)))-1))) -> #VALUE! | E16: =VALUE(TRIM(RIGHT(A16,LEN(A16)-FIND(",",A16)))) -> #VALUE! | F16: =IFERROR(ACOS(SIN(RADIANS($H$1))*SIN(RADIANS(D16))+COS(RADIANS($H$1))*COS(RADIANS(D16))*COS(RADIANS(E16)-RADIANS($I$1)))*6371,"")
A17: =IFERROR(VLOOKUP(B17, DataBase!A:O, 7, FALSE), "No Order Found") -> No Order Found | B17: =AlFayoumi!B17 | C17: =IFERROR(VLOOKUP(B17, DataBase!A:O, 2, FALSE), "No Order Found") -> No Order Found | D17: =VALUE(TRIM(LEFT(RIGHT(A17,LEN(A17)-FIND("=",A17)),FIND(",",RIGHT(A17,LEN(A17)-FIND("=",A17)))-1))) -> #VALUE! | E17: =VALUE(TRIM(RIGHT(A17,LEN(A17)-FIND(",",A17)))) -> #VALUE! | F17: =IFERROR(ACOS(SIN(RADIANS($H$1))*SIN(RADIANS(D17))+COS(RADIANS($H$1))*COS(RADIANS(D17))*COS(RADIANS(E17)-RADIANS($I$1)))*6371,"")
A18: =IFERROR(VLOOKUP(B18, DataBase!A:O, 7, FALSE), "No Order Found") -> No Order Found | B18: =AlFayoumi!B18 | C18: =IFERROR(VLOOKUP(B18, DataBase!A:O, 2, FALSE), "No Order Found") -> No Order Found | D18: =VALUE(TRIM(LEFT(RIGHT(A18,LEN(A18)-FIND("=",A18)),FIND(",",RIGHT(A18,LEN(A18)-FIND("=",A18)))-1))) -> #VALUE! | E18: =VALUE(TRIM(RIGHT(A18,LEN(A18)-FIND(",",A18)))) -> #VALUE! | F18: =IFERROR(ACOS(SIN(RADIANS($H$1))*SIN(RADIANS(D18))+COS(RADIANS($H$1))*COS(RADIANS(D18))*COS(RADIANS(E18)-RADIANS($I$1)))*6371,"")
A19: =IFERROR(VLOOKUP(B19, DataBase!A:O, 7, FALSE), "No Order Found") -> No Order Found | B19: =AlFayoumi!B19 | C19: =IFERROR(VLOOKUP(B19, DataBase!A:O, 2, FALSE), "No Order Found") -> No Order Found | D19: =VALUE(TRIM(LEFT(RIGHT(A19,LEN(A19)-FIND("=",A19)),FIND(",",RIGHT(A19,LEN(A19)-FIND("=",A19)))-1))) -> #VALUE! | E19: =VALUE(TRIM(RIGHT(A19,LEN(A19)-FIND(",",A19)))) -> #VALUE! | F19: =IFERROR(ACOS(SIN(RADIANS($H$1))*SIN(RADIANS(D19))+COS(RADIANS($H$1))*COS(RADIANS(D19))*COS(RADIANS(E19)-RADIANS($I$1)))*6371,"")
A20: =IFERROR(VLOOKUP(B20, DataBase!A:O, 7, FALSE), "No Order Found") -> No Order Found | B20: =AlFayoumi!B20 | C20: =IFERROR(VLOOKUP(B20, DataBase!A:O, 2, FALSE), "No Order Found") -> No Order Found | D20: =VALUE(TRIM(LEFT(RIGHT(A20,LEN(A20)-FIND("=",A20)),FIND(",",RIGHT(A20,LEN(A20)-FIND("=",A20)))-1))) -> #VALUE! | E20: =VALUE(TRIM(RIGHT(A20,LEN(A20)-FIND(",",A20)))) -> #VALUE! | F20: =IFERROR(ACOS(SIN(RADIANS($H$1))*SIN(RADIANS(D20))+COS(RADIANS($H$1))*COS(RADIANS(D20))*COS(RADIANS(E20)-RADIANS($I$1)))*6371,"")
A21: =IFERROR(VLOOKUP(B21, DataBase!A:O, 7, FALSE), "No Order Found") -> No Order Found | B21: =AlFayoumi!B21 | C21: =IFERROR(VLOOKUP(B21, DataBase!A:O, 2, FALSE), "No Order Found") -> No Order Found | D21: =VALUE(TRIM(LEFT(RIGHT(A21,LEN(A21)-FIND("=",A21)),FIND(",",RIGHT(A21,LEN(A21)-FIND("=",A21)))-1))) -> #VALUE! | E21: =VALUE(TRIM(RIGHT(A21,LEN(A21)-FIND(",",A21)))) -> #VALUE! | F21: =IFERROR(ACOS(SIN(RADIANS($H$1))*SIN(RADIANS(D21))+COS(RADIANS($H$1))*COS(RADIANS(D21))*COS(RADIANS(E21)-RADIANS($I$1)))*6371,"")
A22: =IFERROR(VLOOKUP(B22, DataBase!A:O, 7, FALSE), "No Order Found") -> No Order Found | B22: =AlFayoumi!B22 | C22: =IFERROR(VLOOKUP(B22, DataBase!A:O, 2, FALSE), "No Order Found") -> No Order Found | D22: =VALUE(TRIM(LEFT(RIGHT(A22,LEN(A22)-FIND("=",A22)),FIND(",",RIGHT(A22,LEN(A22)-FIND("=",A22)))-1))) -> #VALUE! | E22: =VALUE(TRIM(RIGHT(A22,LEN(A22)-FIND(",",A22)))) -> #VALUE! | F22: =IFERROR(ACOS(SIN(RADIANS($H$1))*SIN(RADIANS(D22))+COS(RADIANS($H$1))*COS(RADIANS(D22))*COS(RADIANS(E22)-RADIANS($I$1)))*6371,"")
A23: =IFERROR(VLOOKUP(B23, DataBase!A:O, 7, FALSE), "No Order Found") -> No Order Found | B23: =AlFayoumi!B23 | C23: =IFERROR(VLOOKUP(B23, DataBase!A:O, 2, FALSE), "No Order Found") -> No Order Found | D23: =VALUE(TRIM(LEFT(RIGHT(A23,LEN(A23)-FIND("=",A23)),FIND(",",RIGHT(A23,LEN(A23)-FIND("=",A23)))-1))) -> #VALUE! | E23: =VALUE(TRIM(RIGHT(A23,LEN(A23)-FIND(",",A23)))) -> #VALUE! | F23: =IFERROR(ACOS(SIN(RADIANS($H$1))*SIN(RADIANS(D23))+COS(RADIANS($H$1))*COS(RADIANS(D23))*COS(RADIANS(E23)-RADIANS($I$1)))*6371,"")
A24: =IFERROR(VLOOKUP(B24, DataBase!A:O, 7, FALSE), "No Order Found") -> No Order Found | B24: =AlFayoumi!B24 | C24: =IFERROR(VLOOKUP(B24, DataBase!A:O, 2, FALSE), "No Order Found") -> No Order Found | D24: =VALUE(TRIM(LEFT(RIGHT(A24,LEN(A24)-FIND("=",A24)),FIND(",",RIGHT(A24,LEN(A24)-FIND("=",A24)))-1))) -> #VALUE! | E24: =VALUE(TRIM(RIGHT(A24,LEN(A24)-FIND(",",A24)))) -> #VALUE! | F24: =IFERROR(ACOS(SIN(RADIANS($H$1))*SIN(RADIANS(D24))+COS(RADIANS($H$1))*COS(RADIANS(D24))*COS(RADIANS(E24)-RADIANS($I$1)))*6371,"")
A25: =IFERROR(VLOOKUP(B25, DataBase!A:O, 7, FALSE), "No Order Found") -> No Order Found | B25: =AlFayoumi!B25 | C25: =IFERROR(VLOOKUP(B25, DataBase!A:O, 2, FALSE), "No Order Found") -> No Order Found | D25: =VALUE(TRIM(LEFT(RIGHT(A25,LEN(A25)-FIND("=",A25)),FIND(",",RIGHT(A25,LEN(A25)-FIND("=",A25)))-1))) -> #VALUE! | E25: =VALUE(TRIM(RIGHT(A25,LEN(A25)-FIND(",",A25)))) -> #VALUE! | F25: =IFERROR(ACOS(SIN(RADIANS($H$1))*SIN(RADIANS(D25))+COS(RADIANS($H$1))*COS(RADIANS(D25))*COS(RADIANS(E25)-RADIANS($I$1)))*6371,"")
A26: =IFERROR(VLOOKUP(B26, DataBase!A:O, 7, FALSE), "No Order Found") -> No Order Found | B26: =AlFayoumi!B25 | C26: =IFERROR(VLOOKUP(B26, DataBase!A:O, 2, FALSE), "No Order Found") -> No Order Found | D26: =VALUE(TRIM(LEFT(RIGHT(A26,LEN(A26)-FIND("=",A26)),FIND(",",RIGHT(A26,LEN(A26)-FIND("=",A26)))-1))) -> #VALUE! | E26: =VALUE(TRIM(RIGHT(A26,LEN(A26)-FIND(",",A26)))) -> #VALUE! | F26: =IFERROR(ACOS(SIN(RADIANS($H$1))*SIN(RADIANS(D26))+COS(RADIANS($H$1))*COS(RADIANS(D26))*COS(RADIANS(E26)-RADIANS($I$1)))*6371,"")
A27: =IFERROR(VLOOKUP(B27, DataBase!A:O, 7, FALSE), "No Order Found") -> No Order Found | B27: =AlFayoumi!B26 | C27: =IFERROR(VLOOKUP(B27, DataBase!A:O, 2, FALSE), "No Order Found") -> No Order Found | D27: =VALUE(TRIM(LEFT(RIGHT(A27,LEN(A27)-FIND("=",A27)),FIND(",",RIGHT(A27,LEN(A27)-FIND("=",A27)))-1))) -> #VALUE! | E27: =VALUE(TRIM(RIGHT(A27,LEN(A27)-FIND(",",A27)))) -> #VALUE! | F27: =IFERROR(ACOS(SIN(RADIANS($H$1))*SIN(RADIANS(D27))+COS(RADIANS($H$1))*COS(RADIANS(D27))*COS(RADIANS(E27)-RADIANS($I$1)))*6371,"")
A28: =IFERROR(VLOOKUP(B28, DataBase!A:O, 7, FALSE), "No Order Found") -> No Order Found | B28: =AlFayoumi!B27 | C28: =IFERROR(VLOOKUP(B28, DataBase!A:O, 2, FALSE), "No Order Found") -> No Order Found | D28: =VALUE(TRIM(LEFT(RIGHT(A28,LEN(A28)-FIND("=",A28)),FIND(",",RIGHT(A28,LEN(A28)-FIND("=",A28)))-1))) -> #VALUE! | E28: =VALUE(TRIM(RIGHT(A28,LEN(A28)-FIND(",",A28)))) -> #VALUE! | F28: =IFERROR(ACOS(SIN(RADIANS($H$1))*SIN(RADIANS(D28))+COS(RADIANS($H$1))*COS(RADIANS(D28))*COS(RADIANS(E28)-RADIANS($I$1)))*6371,"")
A29: =IFERROR(VLOOKUP(B29, DataBase!A:O, 7, FALSE), "No Order Found") -> No Order Found | B29: =AlFayoumi!B28 | C29: =IFERROR(VLOOKUP(B29, DataBase!A:O, 2, FALSE), "No Order Found") -> No Order Found | D29: =VALUE(TRIM(LEFT(RIGHT(A29,LEN(A29)-FIND("=",A29)),FIND(",",RIGHT(A29,LEN(A29)-FIND("=",A29)))-1))) -> #VALUE! | E29: =VALUE(TRIM(RIGHT(A29,LEN(A29)-FIND(",",A29)))) -> #VALUE! | F29: =IFERROR(ACOS(SIN(RADIANS($H$1))*SIN(RADIANS(D29))+COS(RADIANS($H$1))*COS(RADIANS(D29))*COS(RADIANS(E29)-RADIANS($I$1)))*6371,"")
A30: =IFERROR(VLOOKUP(B30, DataBase!A:O, 7, FALSE), "No Order Found") -> No Order Found | B30: =AlFayoumi!B29 | C30: =IFERROR(VLOOKUP(B30, DataBase!A:O, 2, FALSE), "No Order Found") -> No Order Found | D30: =VALUE(TRIM(LEFT(RIGHT(A30,LEN(A30)-FIND("=",A30)),FIND(",",RIGHT(A30,LEN(A30)-FIND("=",A30)))-1))) -> #VALUE! | E30: =VALUE(TRIM(RIGHT(A30,LEN(A30)-FIND(",",A30)))) -> #VALUE! | F30: =IFERROR(ACOS(SIN(RADIANS($H$1))*SIN(RADIANS(D30))+COS(RADIANS($H$1))*COS(RADIANS(D30))*COS(RADIANS(E30)-RADIANS($I$1)))*6371,"")
A31: =IFERROR(VLOOKUP(B31, DataBase!A:O, 7, FALSE), "No Order Found") -> No Order Found | B31: =AlFayoumi!B30 | C31: =IFERROR(VLOOKUP(B31, DataBase!A:O, 2, FALSE), "No Order Found") -> No Order Found | D31: =VALUE(TRIM(LEFT(RIGHT(A31,LEN(A31)-FIND("=",A31)),FIND(",",RIGHT(A31,LEN(A31)-FIND("=",A31)))-1))) -> #VALUE! | E31: =VALUE(TRIM(RIGHT(A31,LEN(A31)-FIND(",",A31)))) -> #VALUE! | F31: =IFERROR(ACOS(SIN(RADIANS($H$1))*SIN(RADIANS(D31))+COS(RADIANS($H$1))*COS(RADIANS(D31))*COS(RADIANS(E31)-RADIANS($I$1)))*6371,"")
A32: =IFERROR(VLOOKUP(B32, DataBase!A:O, 7, FALSE), "No Order Found") -> No Order Found | B32: =AlFayoumi!B31 | C32: =IFERROR(VLOOKUP(B32, DataBase!A:O, 2, FALSE), "No Order Found") -> No Order Found | D32: =VALUE(TRIM(LEFT(RIGHT(A32,LEN(A32)-FIND("=",A32)),FIND(",",RIGHT(A32,LEN(A32)-FIND("=",A32)))-1))) -> #VALUE! | E32: =VALUE(TRIM(RIGHT(A32,LEN(A32)-FIND(",",A32)))) -> #VALUE! | F32: =IFERROR(ACOS(SIN(RADIANS($H$1))*SIN(RADIANS(D32))+COS(RADIANS($H$1))*COS(RADIANS(D32))*COS(RADIANS(E32)-RADIANS($I$1)))*6371,"")
A33: =IFERROR(VLOOKUP(B33, DataBase!A:O, 7, FALSE), "No Order Found") -> No Order Found | B33: =AlFayoumi!B32 | C33: =IFERROR(VLOOKUP(B33, DataBase!A:O, 2, FALSE), "No Order Found") -> No Order Found | D33: =VALUE(TRIM(LEFT(RIGHT(A33,LEN(A33)-FIND("=",A33)),FIND(",",RIGHT(A33,LEN(A33)-FIND("=",A33)))-1))) -> #VALUE! | E33: =VALUE(TRIM(RIGHT(A33,LEN(A33)-FIND(",",A33)))) -> #VALUE! | F33: =IFERROR(ACOS(SIN(RADIANS($H$1))*SIN(RADIANS(D33))+COS(RADIANS($H$1))*COS(RADIANS(D33))*COS(RADIANS(E33)-RADIANS($I$1)))*6371,"")
A34: =IFERROR(VLOOKUP(B34, DataBase!A:O, 7, FALSE), "No Order Found") -> No Order Found | B34: =AlFayoumi!B33 | C34: =IFERROR(VLOOKUP(B34, DataBase!A:O, 2, FALSE), "No Order Found") -> No Order Found | D34: =VALUE(TRIM(LEFT(RIGHT(A34,LEN(A34)-FIND("=",A34)),FIND(",",RIGHT(A34,LEN(A34)-FIND("=",A34)))-1))) -> #VALUE! | E34: =VALUE(TRIM(RIGHT(A34,LEN(A34)-FIND(",",A34)))) -> #VALUE! | F34: =IFERROR(ACOS(SIN(RADIANS($H$1))*SIN(RADIANS(D34))+COS(RADIANS($H$1))*COS(RADIANS(D34))*COS(RADIANS(E34)-RADIANS($I$1)))*6371,"")
A35: =IFERROR(VLOOKUP(B35, DataBase!A:O, 7, FALSE), "No Order Found") -> No Order Found | B35: =AlFayoumi!B34 | C35: =IFERROR(VLOOKUP(B35, DataBase!A:O, 2, FALSE), "No Order Found") -> No Order Found | D35: =VALUE(TRIM(LEFT(RIGHT(A35,LEN(A35)-FIND("=",A35)),FIND(",",RIGHT(A35,LEN(A35)-FIND("=",A35)))-1))) -> #VALUE! | E35: =VALUE(TRIM(RIGHT(A35,LEN(A35)-FIND(",",A35)))) -> #VALUE! | F35: =IFERROR(ACOS(SIN(RADIANS($H$1))*SIN(RADIANS(D35))+COS(RADIANS($H$1))*COS(RADIANS(D35))*COS(RADIANS(E35)-RADIANS($I$1)))*6371,"")
A36: =IFERROR(VLOOKUP(B36, DataBase!A:O, 7, FALSE), "No Order Found") -> No Order Found | B36: =AlFayoumi!B35 | C36: =IFERROR(VLOOKUP(B36, DataBase!A:O, 2, FALSE), "No Order Found") -> No Order Found | D36: =VALUE(TRIM(LEFT(RIGHT(A36,LEN(A36)-FIND("=",A36)),FIND(",",RIGHT(A36,LEN(A36)-FIND("=",A36)))-1))) -> #VALUE! | E36: =VALUE(TRIM(RIGHT(A36,LEN(A36)-FIND(",",A36)))) -> #VALUE! | F36: =IFERROR(ACOS(SIN(RADIANS($H$1))*SIN(RADIANS(D36))+COS(RADIANS($H$1))*COS(RADIANS(D36))*COS(RADIANS(E36)-RADIANS($I$1)))*6371,"")
A37: =IFERROR(VLOOKUP(B37, DataBase!A:O, 7, FALSE), "No Order Found") -> No Order Found | B37: =AlFayoumi!B36 | C37: =IFERROR(VLOOKUP(B37, DataBase!A:O, 2, FALSE), "No Order Found") -> No Order Found | D37: =VALUE(TRIM(LEFT(RIGHT(A37,LEN(A37)-FIND("=",A37)),FIND(",",RIGHT(A37,LEN(A37)-FIND("=",A37)))-1))) -> #VALUE! | E37: =VALUE(TRIM(RIGHT(A37,LEN(A37)-FIND(",",A37)))) -> #VALUE! | F37: =IFERROR(ACOS(SIN(RADIANS($H$1))*SIN(RADIANS(D37))+COS(RADIANS($H$1))*COS(RADIANS(D37))*COS(RADIANS(E37)-RADIANS($I$1)))*6371,"")
... A52: =IFERROR(VLOOKUP(B52, DataBase!A:O, 7, FALSE), "No Order Found") -> No Order Found | B52: =AlFayoumi!B51 | C52: =IFERROR(VLOOKUP(B52, DataBase!A:O, 2, FALSE), "No Order Found") -> No Order Found | D52: =VALUE(TRIM(LEFT(RIGHT(A52,LEN(A52)-FIND("=",A52)),FIND(",",RIGHT(A52,LEN(A52)-FIND("=",A52)))-1))) -> #VALUE! | E52: =VALUE(TRIM(RIGHT(A52,LEN(A52)-FIND(",",A52)))) -> #VALUE! | F52: =IFERROR(ACOS(SIN(RADIANS($H$1))*SIN(RADIANS(D52))+COS(RADIANS($H$1))*COS(RADIANS(D52))*COS(RADIANS(E52)-RADIANS($I$1)))*6371,"")
A53: =IFERROR(VLOOKUP(B53, DataBase!A:O, 7, FALSE), "No Order Found") -> No Order Found | B53: =Orders!B15 | C53: =IFERROR(VLOOKUP(B53, DataBase!A:O, 2, FALSE), "No Order Found") -> No Order Found | D53: =VALUE(TRIM(LEFT(RIGHT(A53,LEN(A53)-FIND("=",A53)),FIND(",",RIGHT(A53,LEN(A53)-FIND("=",A53)))-1))) -> #VALUE! | E53: =VALUE(TRIM(RIGHT(A53,LEN(A53)-FIND(",",A53)))) -> #VALUE! | F53: =IFERROR(ACOS(SIN(RADIANS($H$1))*SIN(RADIANS(D53))+COS(RADIANS($H$1))*COS(RADIANS(D53))*COS(RADIANS(E53)-RADIANS($I$1)))*6371,"")
A54: =IFERROR(VLOOKUP(B54, DataBase!A:O, 7, FALSE), "No Order Found") -> No Order Found | B54: =Orders!B16 | C54: =IFERROR(VLOOKUP(B54, DataBase!A:O, 2, FALSE), "No Order Found") -> No Order Found | D54: =VALUE(TRIM(LEFT(RIGHT(A54,LEN(A54)-FIND("=",A54)),FIND(",",RIGHT(A54,LEN(A54)-FIND("=",A54)))-1))) -> #VALUE! | E54: =VALUE(TRIM(RIGHT(A54,LEN(A54)-FIND(",",A54)))) -> #VALUE! | F54: =IFERROR(ACOS(SIN(RADIANS($H$1))*SIN(RADIANS(D54))+COS(RADIANS($H$1))*COS(RADIANS(D54))*COS(RADIANS(E54)-RADIANS($I$1)))*6371,"")
A55: =IFERROR(VLOOKUP(B55, DataBase!A:O, 7, FALSE), "No Order Found") -> No Order Found | B55: =Orders!B17 | C55: =IFERROR(VLOOKUP(B55, DataBase!A:O, 2, FALSE), "No Order Found") -> No Order Found | D55: =VALUE(TRIM(LEFT(RIGHT(A55,LEN(A55)-FIND("=",A55)),FIND(",",RIGHT(A55,LEN(A55)-FIND("=",A55)))-1))) -> #VALUE! | E55: =VALUE(TRIM(RIGHT(A55,LEN(A55)-FIND(",",A55)))) -> #VALUE! | F55: =IFERROR(ACOS(SIN(RADIANS($H$1))*SIN(RADIANS(D55))+COS(RADIANS($H$1))*COS(RADIANS(D55))*COS(RADIANS(E55)-RADIANS($I$1)))*6371,"")
A56: =IFERROR(VLOOKUP(B56, DataBase!A:O, 7, FALSE), "No Order Found") -> No Order Found | B56: =Orders!B18 | C56: =IFERROR(VLOOKUP(B56, DataBase!A:O, 2, FALSE), "No Order Found") -> No Order Found | D56: =VALUE(TRIM(LEFT(RIGHT(A56,LEN(A56)-FIND("=",A56)),FIND(",",RIGHT(A56,LEN(A56)-FIND("=",A56)))-1))) -> #VALUE! | E56: =VALUE(TRIM(RIGHT(A56,LEN(A56)-FIND(",",A56)))) -> #VALUE! | F56: =IFERROR(ACOS(SIN(RADIANS($H$1))*SIN(RADIANS(D56))+COS(RADIANS($H$1))*COS(RADIANS(D56))*COS(RADIANS(E56)-RADIANS($I$1)))*6371,"")
A57: =IFERROR(VLOOKUP(B57, DataBase!A:O, 7, FALSE), "No Order Found") -> No Order Found | B57: =Orders!B19 | C57: =IFERROR(VLOOKUP(B57, DataBase!A:O, 2, FALSE), "No Order Found") -> No Order Found | D57: =VALUE(TRIM(LEFT(RIGHT(A57,LEN(A57)-FIND("=",A57)),FIND(",",RIGHT(A57,LEN(A57)-FIND("=",A57)))-1))) -> #VALUE! | E57: =VALUE(TRIM(RIGHT(A57,LEN(A57)-FIND(",",A57)))) -> #VALUE! | F57: =IFERROR(ACOS(SIN(RADIANS($H$1))*SIN(RADIANS(D57))+COS(RADIANS($H$1))*COS(RADIANS(D57))*COS(RADIANS(E57)-RADIANS($I$1)))*6371,"")
A58: =IFERROR(VLOOKUP(B58, DataBase!A:O, 7, FALSE), "No Order Found") -> No Order Found | B58: =Orders!B20 | C58: =IFERROR(VLOOKUP(B58, DataBase!A:O, 2, FALSE), "No Order Found") -> No Order Found | D58: =VALUE(TRIM(LEFT(RIGHT(A58,LEN(A58)-FIND("=",A58)),FIND(",",RIGHT(A58,LEN(A58)-FIND("=",A58)))-1))) -> #VALUE! | E58: =VALUE(TRIM(RIGHT(A58,LEN(A58)-FIND(",",A58)))) -> #VALUE! | F58: =IFERROR(ACOS(SIN(RADIANS($H$1))*SIN(RADIANS(D58))+COS(RADIANS($H$1))*COS(RADIANS(D58))*COS(RADIANS(E58)-RADIANS($I$1)))*6371,"")
A59: =IFERROR(VLOOKUP(B59, DataBase!A:O, 7, FALSE), "No Order Found") -> No Order Found | B59: =Orders!B21 | C59: =IFERROR(VLOOKUP(B59, DataBase!A:O, 2, FALSE), "No Order Found") -> No Order Found | D59: =VALUE(TRIM(LEFT(RIGHT(A59,LEN(A59)-FIND("=",A59)),FIND(",",RIGHT(A59,LEN(A59)-FIND("=",A59)))-1))) -> #VALUE! | E59: =VALUE(TRIM(RIGHT(A59,LEN(A59)-FIND(",",A59)))) -> #VALUE! | F59: =IFERROR(ACOS(SIN(RADIANS($H$1))*SIN(RADIANS(D59))+COS(RADIANS($H$1))*COS(RADIANS(D59))*COS(RADIANS(E59)-RADIANS($I$1)))*6371,"")
A60: =IFERROR(VLOOKUP(B60, DataBase!A:O, 7, FALSE), "No Order Found") -> No Order Found | B60: =Orders!B22 | C60: =IFERROR(VLOOKUP(B60, DataBase!A:O, 2, FALSE), "No Order Found") -> No Order Found | D60: =VALUE(TRIM(LEFT(RIGHT(A60,LEN(A60)-FIND("=",A60)),FIND(",",RIGHT(A60,LEN(A60)-FIND("=",A60)))-1))) -> #VALUE! | E60: =VALUE(TRIM(RIGHT(A60,LEN(A60)-FIND(",",A60)))) -> #VALUE! | F60: =IFERROR(ACOS(SIN(RADIANS($H$1))*SIN(RADIANS(D60))+COS(RADIANS($H$1))*COS(RADIANS(D60))*COS(RADIANS(E60)-RADIANS($I$1)))*6371,"")
A61: =IFERROR(VLOOKUP(B61, DataBase!A:O, 7, FALSE), "No Order Found") -> No Order Found | B61: =Orders!B23 | C61: =IFERROR(VLOOKUP(B61, DataBase!A:O, 2, FALSE), "No Order Found") -> No Order Found | D61: =VALUE(TRIM(LEFT(RIGHT(A61,LEN(A61)-FIND("=",A61)),FIND(",",RIGHT(A61,LEN(A61)-FIND("=",A61)))-1))) -> #VALUE! | E61: =VALUE(TRIM(RIGHT(A61,LEN(A61)-FIND(",",A61)))) -> #VALUE! | F61: =IFERROR(ACOS(SIN(RADIANS($H$1))*SIN(RADIANS(D61))+COS(RADIANS($H$1))*COS(RADIANS(D61))*COS(RADIANS(E61)-RADIANS($I$1)))*6371,"")
A62: =IFERROR(VLOOKUP(B62, DataBase!A:O, 7, FALSE), "No Order Found") -> No Order Found | B62: =Orders!B24 | C62: =IFERROR(VLOOKUP(B62, DataBase!A:O, 2, FALSE), "No Order Found") -> No Order Found | D62: =VALUE(TRIM(LEFT(RIGHT(A62,LEN(A62)-FIND("=",A62)),FIND(",",RIGHT(A62,LEN(A62)-FIND("=",A62)))-1))) -> #VALUE! | E62: =VALUE(TRIM(RIGHT(A62,LEN(A62)-FIND(",",A62)))) -> #VALUE! | F62: =IFERROR(ACOS(SIN(RADIANS($H$1))*SIN(RADIANS(D62))+COS(RADIANS($H$1))*COS(RADIANS(D62))*COS(RADIANS(E62)-RADIANS($I$1)))*6371,"")
A63: =IFERROR(VLOOKUP(B63, DataBase!A:O, 7, FALSE), "No Order Found") -> No Order Found | B63: =Orders!B25 | C63: =IFERROR(VLOOKUP(B63, DataBase!A:O, 2, FALSE), "No Order Found") -> No Order Found | D63: =VALUE(TRIM(LEFT(RIGHT(A63,LEN(A63)-FIND("=",A63)),FIND(",",RIGHT(A63,LEN(A63)-FIND("=",A63)))-1))) -> #VALUE! | E63: =VALUE(TRIM(RIGHT(A63,LEN(A63)-FIND(",",A63)))) -> #VALUE! | F63: =IFERROR(ACOS(SIN(RADIANS($H$1))*SIN(RADIANS(D63))+COS(RADIANS($H$1))*COS(RADIANS(D63))*COS(RADIANS(E63)-RADIANS($I$1)))*6371,"")
A64: =IFERROR(VLOOKUP(B64, DataBase!A:O, 7, FALSE), "No Order Found") -> No Order Found | B64: =Orders!B26 | C64: =IFERROR(VLOOKUP(B64, DataBase!A:O, 2, FALSE), "No Order Found") -> No Order Found | D64: =VALUE(TRIM(LEFT(RIGHT(A64,LEN(A64)-FIND("=",A64)),FIND(",",RIGHT(A64,LEN(A64)-FIND("=",A64)))-1))) -> #VALUE! | E64: =VALUE(TRIM(RIGHT(A64,LEN(A64)-FIND(",",A64)))) -> #VALUE! | F64: =IFERROR(ACOS(SIN(RADIANS($H$1))*SIN(RADIANS(D64))+COS(RADIANS($H$1))*COS(RADIANS(D64))*COS(RADIANS(E64)-RADIANS($I$1)))*6371,"")
... A77: =IFERROR(VLOOKUP(B77, DataBase!A:O, 7, FALSE), "No Order Found") -> No Order Found | B77: =Orders!B39 | C77: =IFERROR(VLOOKUP(B77, DataBase!A:O, 2, FALSE), "No Order Found") -> No Order Found | D77: =VALUE(TRIM(LEFT(RIGHT(A77,LEN(A77)-FIND("=",A77)),FIND(",",RIGHT(A77,LEN(A77)-FIND("=",A77)))-1))) -> #VALUE! | E77: =VALUE(TRIM(RIGHT(A77,LEN(A77)-FIND(",",A77)))) -> #VALUE! | F77: =IFERROR(ACOS(SIN(RADIANS($H$1))*SIN(RADIANS(D77))+COS(RADIANS($H$1))*COS(RADIANS(D77))*COS(RADIANS(E77)-RADIANS($I$1)))*6371,"")
A78: =IFERROR(VLOOKUP(B78, DataBase!A:O, 7, FALSE), "No Order Found") -> No Order Found | B78: =#REF! -> #REF! | C78: =IFERROR(VLOOKUP(B78, DataBase!A:O, 2, FALSE), "No Order Found") -> No Order Found | D78: =VALUE(TRIM(LEFT(RIGHT(A78,LEN(A78)-FIND("=",A78)),FIND(",",RIGHT(A78,LEN(A78)-FIND("=",A78)))-1))) -> #VALUE! | E78: =VALUE(TRIM(RIGHT(A78,LEN(A78)-FIND(",",A78)))) -> #VALUE! | F78: =IFERROR(ACOS(SIN(RADIANS($H$1))*SIN(RADIANS(D78))+COS(RADIANS($H$1))*COS(RADIANS(D78))*COS(RADIANS(E78)-RADIANS($I$1)))*6371,"")
A79: =IFERROR(VLOOKUP(B79, DataBase!A:O, 7, FALSE), "No Order Found") -> No Order Found | B79: =#REF! -> #REF! | C79: =IFERROR(VLOOKUP(B79, DataBase!A:O, 2, FALSE), "No Order Found") -> No Order Found | D79: =VALUE(TRIM(LEFT(RIGHT(A79,LEN(A79)-FIND("=",A79)),FIND(",",RIGHT(A79,LEN(A79)-FIND("=",A79)))-1))) -> #VALUE! | E79: =VALUE(TRIM(RIGHT(A79,LEN(A79)-FIND(",",A79)))) -> #VALUE! | F79: =IFERROR(ACOS(SIN(RADIANS($H$1))*SIN(RADIANS(D79))+COS(RADIANS($H$1))*COS(RADIANS(D79))*COS(RADIANS(E79)-RADIANS($I$1)))*6371,"")
A80: =IFERROR(VLOOKUP(B80, DataBase!A:O, 7, FALSE), "No Order Found") -> No Order Found | B80: =#REF! -> #REF! | C80: =IFERROR(VLOOKUP(B80, DataBase!A:O, 2, FALSE), "No Order Found") -> No Order Found | D80: =VALUE(TRIM(LEFT(RIGHT(A80,LEN(A80)-FIND("=",A80)),FIND(",",RIGHT(A80,LEN(A80)-FIND("=",A80)))-1))) -> #VALUE! | E80: =VALUE(TRIM(RIGHT(A80,LEN(A80)-FIND(",",A80)))) -> #VALUE! | F80: =IFERROR(ACOS(SIN(RADIANS($H$1))*SIN(RADIANS(D80))+COS(RADIANS($H$1))*COS(RADIANS(D80))*COS(RADIANS(E80)-RADIANS($I$1)))*6371,"")
A81: =IFERROR(VLOOKUP(B81, DataBase!A:O, 7, FALSE), "No Order Found") -> No Order Found | B81: =#REF! -> #REF! | C81: =IFERROR(VLOOKUP(B81, DataBase!A:O, 2, FALSE), "No Order Found") -> No Order Found | D81: =VALUE(TRIM(LEFT(RIGHT(A81,LEN(A81)-FIND("=",A81)),FIND(",",RIGHT(A81,LEN(A81)-FIND("=",A81)))-1))) -> #VALUE! | E81: =VALUE(TRIM(RIGHT(A81,LEN(A81)-FIND(",",A81)))) -> #VALUE! | F81: =IFERROR(ACOS(SIN(RADIANS($H$1))*SIN(RADIANS(D81))+COS(RADIANS($H$1))*COS(RADIANS(D81))*COS(RADIANS(E81)-RADIANS($I$1)))*6371,"")
A82: =IFERROR(VLOOKUP(B82, DataBase!A:O, 7, FALSE), "No Order Found") -> No Order Found | B82: =#REF! -> #REF! | C82: =IFERROR(VLOOKUP(B82, DataBase!A:O, 2, FALSE), "No Order Found") -> No Order Found | D82: =VALUE(TRIM(LEFT(RIGHT(A82,LEN(A82)-FIND("=",A82)),FIND(",",RIGHT(A82,LEN(A82)-FIND("=",A82)))-1))) -> #VALUE! | E82: =VALUE(TRIM(RIGHT(A82,LEN(A82)-FIND(",",A82)))) -> #VALUE! | F82: =IFERROR(ACOS(SIN(RADIANS($H$1))*SIN(RADIANS(D82))+COS(RADIANS($H$1))*COS(RADIANS(D82))*COS(RADIANS(E82)-RADIANS($I$1)))*6371,"")
A83: =IFERROR(VLOOKUP(B83, DataBase!A:O, 7, FALSE), "No Order Found") -> No Order Found | B83: =#REF! -> #REF! | C83: =IFERROR(VLOOKUP(B83, DataBase!A:O, 2, FALSE), "No Order Found") -> No Order Found | D83: =VALUE(TRIM(LEFT(RIGHT(A83,LEN(A83)-FIND("=",A83)),FIND(",",RIGHT(A83,LEN(A83)-FIND("=",A83)))-1))) -> #VALUE! | E83: =VALUE(TRIM(RIGHT(A83,LEN(A83)-FIND(",",A83)))) -> #VALUE! | F83: =IFERROR(ACOS(SIN(RADIANS($H$1))*SIN(RADIANS(D83))+COS(RADIANS($H$1))*COS(RADIANS(D83))*COS(RADIANS(E83)-RADIANS($I$1)))*6371,"")
B84: =#REF! -> #REF!
B85: =#REF! -> #REF!
B86: =#REF! -> #REF!
B87: =#REF! -> #REF!
B88: =#REF! -> #REF!
B89: =Orders!B2
B90: =Orders!B3
B91: =Orders!B4
B92: =Orders!B5
B93: =Orders!B6
B94: =Orders!B7
B95: =Orders!B8
B96: =Orders!B9
B97: =Orders!B10
B98: =Orders!B11
B99: =Orders!B12
B100: =Orders!B13
... B109: =Orders!B22
B110: =#REF! -> #REF!
B111: =#REF! -> #REF!
B112: =#REF! -> #REF!
B113: =#REF! -> #REF!
B114: =#REF! -> #REF!
B115: =#REF! -> #REF!
B116: =#REF! -> #REF!
B117: =#REF! -> #REF!
B118: =#REF! -> #REF!
B119: =#REF! -> #REF!
B120: =#REF! -> #REF!
B121: =#REF! -> #REF!
... B127: =#REF! -> #REF!

Sheet RouteLinks
A1: Route # | B1: Stops Count | C1: Google Maps Route Link | D1: Notes
A2: 1 | B2: 10 | C2: =HYPERLINK("https://www.google.com/maps/dir/24.488376387234172,54.36703744083892/24.476906066431106,54.367972972393915/24.4839877,54.3736343/24.4907523,54.4000173/24.413685,54.495136/24.405996821373577,54.517312166606/24.4018107,54.519146/24.396056135766734,54.566077"&"9698686/24.3795837,54.6433836/24.32160286901728,54.62401405136186","Open Route 1") -> Open Route 1 | D2: From row 2 to row 11
A3: 2 | B3: 1 | C3: =HYPERLINK("https://www.google.com/maps/dir/24.333568155473717,54.71084769152754","Open Route 2") -> Open Route 2 | D3: From row 12 to row 12

Sheet Copy of Orders
A1: OrderID | B1: CustomerID | C1: Items | D1: Name | E1: Phone | F1: OrderDate | G1: Status | H1: OrderDate
A2: O1778084453960 | B2: C1773236805015 | C2: الطلب الأول ٤ كيلو موزه محلي كل كيلو لوحده ٣ و نص مفروم محلي انصاص كيلو انتركوت محلي كيلو ونص سجق انصاص كيلو طرب اتنين كيلو بفتيك نص ليه ضاني كيلو كفته رز الطلب الثاني ٣ كيلو موزه محلى كل كيلو لوحده كيلو مفروم بلدى كيلو ونص بوفتيك كيلو ونص ريش نص ليه كل طلب فاتوره منفصله | D2: محمد رمضان | E2: 0502245788 | F2: 46148.848 | G2: تم التحديث | H2: 46154.867 | J2: https://www.google.com/maps?q=24.32675659152615,54.745348638890064 | O2: malhama
A3: O1778421807661 | B3: C1774784376433 | C3: 6 كيلو موزه بلدي مصرى و ٤كيلو مفروم بلدي و ٢ كيلو ستيك بلدي | D3: محمد العربي | E3: 0509927013 | F3: 46152.752 | G3: تم التحديث | H3: 46156.315 | J3: https://www.google.com/maps?q=24.330307744760578,54.76956479517223 | O3: malhama
A4: O1778526594124 | B4: C1772061752146 | C4: 2 كيلو لحمه ريش نعيمي 2 كيلو استيك بلدي 2 ك موزه بلدي | D4: وهب | E4: 0547456425 | F4: 46153.965 | G4: تم التحديث | H4: 46156.689 | J4: https://www.google.com/maps?q=24.443651017632494,54.59036286828321 | O4: malhama
A5: O1778572936964 | B5: C1777215100135 | C5: 2 كيلو لحمه كباب حله 1كيلو لحمه من الفخده 1كيلو لحمه استيك نصف كيلو كبده تقطيع اسكندراني نصف كيلو كلاوى كيلو كبدة اسكندرنى فرده كارع عجلي كله بلدي كيلو الى ربع لحمه ضاني نعمل تست | D5: احمد محمد حنفى | E5: 0558980316 | F5: 46154.502 | G5: جديد | H5: 46154.502 | J5: https://www.google.com/maps?q=24.3203767,54.5380537 | O5: malhama
A6: O1778584392692 | B6: C1770301886398 | C6: 2ونص ك لحمه محلى من السمانه ١ونص مفروم محلى ١ك كبده محلى بدون تقطيع ١ك انتركوت محلى نص سجق نص كفته رز | D6: منال | E6: 0568906661 | F6: 46154.634 | G6: تم التحديث | H6: 46159.222 | J6: https://www.google.com/maps?q=24.408725875576238,54.56453676650623 | O6: malhama
A7: O1778586772426 | B7: C1768659646212 | C7: قطعة من السمانة بلدي وزن كيلو سليمة مش متقطعة حبة كوارع مصري يفضل قدم امامي متقطعة على الطريقة المصري نص كبدة شرايح بلدي نص اسكندراني سادة نخاع نص ممبار مش متنضف كيلو مفروم بلدي نص فليتو كيلو فشة مصري نص قلب شرايح مصري مخاصي بلدي | D7: فاطمة جودة | E7: 0509795823 | F7: 46154.662 | G7: جديد | H7: 46154.662 | J7: https://www.google.com/maps?q=24.298819,54.6298218 | O7: malhama
A8: O1778602414258 | B8: C1774869491145 | C8: اللحوم كلها بلدي مصرية عجل ٣ ك مفروم مع دهن بلدي عجل ٣ كيلو عرق فلتو كبير بدون تقطع عجل ٣ كيلو موزه بالعضم تقطع حلقات عجل ٢ كيلو ريش للشوى خروف سن صغير مصري ١ كيلو سدق بلدي مصري ١ كيلو كبدة بلدي مصري بقري تقطيع اسكندراني | D8: Eslam ali | E8: 0509031568 | F8: 46154.843 | G8: تم التحديث | H8: 46155.017 | J8: https://www.google.com/maps?q=24.348643293274797,54.748416251520965 | O8: malhama
A9: O1778665152800 | B9: C1770380188021 | C9: الغاء الطلب | D9: Rofyda | E9: 0551250380 | F9: 46155.569 | G9: تم التحديث | H9: 46156.601 | J9: https://www.google.com/maps?q=24.366879007601142,54.75577354431153 | O9: malhama
A10: O1778691694005 | B10: C1770305665633 | C10: ٢ كيلو مفروم محلي كل نص لوحده ٤كيلو لحم محلي قطع ناعمه من الموزه ٢ كيلو بانيه كل نص لوحده فرختين وزن ١٤٠٠ كل واحده نص كيلو كبده محلي شرايح كبيره عريضه نص كيلو ريش خروف | D10: تقي خالد ابراهيم | E10: 0545592383 | F10: 46155.876 | G10: تم التحديث | H10: 46160.762 | J10: https://www.google.com/maps?q=24.318532943725586,54.537132263183594 | O10: malhama
A11: O1778694940432 | B11: C1776524582093 | C11: كورع مصري عدد 3 2كيلو لحم محلي 2 كيلو لحم مصري وش فخدة اكيلو كبدة محلي بقر نصف كيلو كلاوي | D11: علي احمد علي سليمان | E11: 0507725291 | F11: 46155.914 | G11: تم التحديث | H11: 46156.446 | J11: https://www.google.com/maps?q=24.4564229,54.3908429 | O11: malhama
A12: O1778838844757 | B12: C1770303917569 | C12: ٢ كيلو لحم بلدي قطع أحمر ناعم ١ كيلو كبدة بلدي صافي( نص مكعبات ونص اسكندراني ) ١ كيلو ريش عجل بالعظم نص كيلو سجق نص كيلو مفروم بلدي مصري ١ كيلو انتركوت محلي | D12: Ahmed Gamal | E12: 0589634511 | F12: 46157.579 | G12: جديد | H12: 46157.579 | J12: https://www.google.com/maps?q=24.4344584,54.401376 | O12: malhama
A13: O1778860270389 | B13: C1775944188678 | C13: ١.٥ كيلو لحم بلدي مصري من الضلع (٢ طبق) ١.٥ كيلو لحم بلدي مصري سن (٢ طبق) ١.٥ كيلو لحم بلدي مصري مفروم (٢ طبق) ١.٥ كيلو لحم بلدي مصري انتركوت (٢ طبق) ١ كيلو سجق بلدي (٢ طبق) ١ كيلو ممبار ١.٥ كيلو ونص عكاوي نص كيلو دهن بلدي + ماسورة للشوربة | D13: احمد علي | E13: 0522427241 | F13: 46157.827 | G13: جديد | H13: 46157.827 | J13: https://www.google.com/maps?q=24.330156944863205,54.75991327987001 | O13: malhama
... A22: O1779116805288 | B22: C1779115157671 | C22: اتنين كيلو كوارع كيلو ونص لحمه مصري موزه كيلو كبده متقطعه صغيره إسكندراني | D22: شهيرة مجدي | E22: 0521576306 | F22: 46160.796 | G22: جديد | H22: 46160.796 | J22: https://www.google.com/maps?q=24.43990843442449,54.727856367714615 | O22: malhama
A41: OrderID | B41: CustomerID | C41: Items | D41: Name | E41: Phone | F41: OrderDate | G41: Status | H41: OrderDate
A42: O1779133259532 | B42: C1779132989774 | C42: - ٣ كيلو بقري قطعيه كولاته كل ٢٥٠ جرام في كيس - ٣ كيلو مفروم خشن كل ٢٥٠ جرام في كيس | D42: امام البنا | E42: 0522031099 | F42: 46160.987 | G42: جديد | H42: 46160.987 | J42: https://www.google.com/maps?q=24.8762807226535,55.049557438993006 | O42: malhama
A43: O1779182655053 | B43: C1779181981641 | C43: كيلو انتركوت مصري كيلو بوفتيك مصري نص مخاصي علاقة ضاني برقي فخدة برقي صغيرة كاملة بدون تقطيع ضلوع برقي علي بعضها صغيرة بدون تقطيع راس خروف برقي نص بسبوسة مصري نص كفتة شوى نص مخ | D43: Amr Abdelkareem | E43: 0565085363 | F43: 46161.558 | G43: تم التحديث | H43: 46161.803 | J43: https://www.google.com/maps?q=24.488332107873276,54.36703648153299 | O43: malhama
A44: O1778084453960 | B44: C1773236805015 | C44: الطلب الأول ٤ كيلو موزه محلي كل كيلو لوحده ٣ و نص مفروم محلي انصاص كيلو انتركوت محلي كيلو ونص سجق انصاص كيلو طرب اتنين كيلو بفتيك نص ليه ضاني كيلو كفته رز الطلب الثاني ٣ كيلو موزه محلى كل كيلو لوحده كيلو مفروم بلدى كيلو ونص بوفتيك كيلو ونص ريش نص ليه كل طلب فاتوره منفصله | D44: محمد رمضان | E44: 0502245788 | F44: 46148.848 | G44: تم التحديث | H44: 46154.867 | J44: https://www.google.com/maps?q=24.32675659152615,54.745348638890064 | O44: malhama
A45: O1778421807661 | B45: C1774784376433 | C45: 6 كيلو موزه بلدي مصرى و ٤كيلو مفروم بلدي و ٢ كيلو ستيك بلدي | D45: محمد العربي | E45: 0509927013 | F45: 46152.752 | G45: تم التحديث | H45: 46156.315 | J45: https://www.google.com/maps?q=24.330307744760578,54.76956479517223 | O45: malhama
A46: O1778526594124 | B46: C1772061752146 | C46: 2 كيلو لحمه ريش نعيمي 2 كيلو استيك بلدي 2 ك موزه بلدي | D46: وهب | E46: 0547456425 | F46: 46153.965 | G46: تم التحديث | H46: 46156.689 | J46: https://www.google.com/maps?q=24.443651017632494,54.59036286828321 | O46: malhama
A47: O1778572936964 | B47: C1777215100135 | C47: 2 كيلو لحمه كباب حله 1كيلو لحمه من الفخده 1كيلو لحمه استيك نصف كيلو كبده تقطيع اسكندراني نصف كيلو كلاوى كيلو كبدة اسكندرنى فرده كارع عجلي كله بلدي كيلو الى ربع لحمه ضاني نعمل تست | D47: احمد محمد حنفى | E47: 0558980316 | F47: 46154.502 | G47: جديد | H47: 46154.502 | J47: https://www.google.com/maps?q=24.3203767,54.5380537 | O47: malhama
A48: O1778584392692 | B48: C1770301886398 | C48: 2ونص ك لحمه محلى من السمانه ١ونص مفروم محلى ١ك كبده محلى بدون تقطيع ١ك انتركوت محلى نص سجق نص كفته رز | D48: منال | E48: 0568906661 | F48: 46154.634 | G48: تم التحديث | H48: 46159.222 | J48: https://www.google.com/maps?q=24.408725875576238,54.56453676650623 | O48: malhama
A49: O1778586772426 | B49: C1768659646212 | C49: قطعة من السمانة بلدي وزن كيلو سليمة مش متقطعة حبة كوارع مصري يفضل قدم امامي متقطعة على الطريقة المصري نص كبدة شرايح بلدي نص اسكندراني سادة نخاع نص ممبار مش متنضف كيلو مفروم بلدي نص فليتو كيلو فشة مصري نص قلب شرايح مصري مخاصي بلدي | D49: فاطمة جودة | E49: 0509795823 | F49: 46154.662 | G49: جديد | H49: 46154.662 | J49: https://www.google.com/maps?q=24.298819,54.6298218 | O49: malhama
A50: O1778602414258 | B50: C1774869491145 | C50: اللحوم كلها بلدي مصرية عجل ٣ ك مفروم مع دهن بلدي عجل ٣ كيلو عرق فلتو كبير بدون تقطع عجل ٣ كيلو موزه بالعضم تقطع حلقات عجل ٢ كيلو ريش للشوى خروف سن صغير مصري ١ كيلو سدق بلدي مصري ١ كيلو كبدة بلدي مصري بقري تقطيع اسكندراني | D50: Eslam ali | E50: 0509031568 | F50: 46154.843 | G50: تم التحديث | H50: 46155.017 | J50: https://www.google.com/maps?q=24.348643293274797,54.748416251520965 | O50: malhama
A51: O1778691694005 | B51: C1770305665633 | C51: ٢ كيلو مفروم محلي كل نص لوحده ٤كيلو لحم محلي قطع ناعمه من الموزه ٢ كيلو بانيه كل نص لوحده فرختين وزن ١٤٠٠ كل واحده نص كيلو كبده محلي شرايح كبيره عريضه نص كيلو ريش خروف | D51: تقي خالد ابراهيم | E51: 0545592383 | F51: 46155.876 | G51: تم التحديث | H51: 46160.762 | J51: https://www.google.com/maps?q=24.318532943725586,54.537132263183594 | O51: malhama
A52: O1778694940432 | B52: C1776524582093 | C52: كورع مصري عدد 3 2كيلو لحم محلي 2 كيلو لحم مصري وش فخدة اكيلو كبدة محلي بقر نصف كيلو كلاوي | D52: علي احمد علي سليمان | E52: 0507725291 | F52: 46155.914 | G52: تم التحديث | H52: 46156.446 | J52: https://www.google.com/maps?q=24.4564229,54.3908429 | O52: malhama
A53: O1778838844757 | B53: C1770303917569 | C53: ٢ كيلو لحم بلدي قطع أحمر ناعم ١ كيلو كبدة بلدي صافي( نص مكعبات ونص اسكندراني ) ١ كيلو ريش عجل بالعظم نص كيلو سجق نص كيلو مفروم بلدي مصري ١ كيلو انتركوت محلي | D53: Ahmed Gamal | E53: 0589634511 | F53: 46157.579 | G53: جديد | H53: 46157.579 | J53: https://www.google.com/maps?q=24.4344584,54.401376 | O53: malhama
... A63: O1779116805288 | B63: C1779115157671 | C63: اتنين كيلو كوارع كيلو ونص لحمه مصري موزه كيلو كبده متقطعه صغيره إسكندراني | D63: شهيرة مجدي | E63: 0521576306 | F63: 46160.796 | G63: جديد | H63: 46160.796 | J63: https://www.google.com/maps?q=24.43990843442449,54.727856367714615 | O63: malhama

Sheet Copy of AlFayoumi
A1: OrderID | B1: CustomerID | C1: Items | D1: Name | E1: Phone | F1: OrderDate | G1: Status | H1: OrderDate
A2: O1778181076309 | B2: C1776515181712 | C2: 12 فراخ ابيض عرض صاحبة السعادة | D2: نسمة السعيد السعيد | E2: 0561701325 | F2: 46149.966 | G2: جديد | H2: 46149.966
A3: O1778181098731 | B3: C1770303466322 | C3: العرض الاول بطه وعدد ٢دجاج بلدى حجم معقول وزوج حمام العرض الاخير ٥فرد حمام كرتونة بيض بلدى نظيفه وصلاحيه جديده | D3: عبدالرحمن السعودي | E3: 0552061749 | F3: 46149.966 | G3: تم التحديث | H3: 46151.57
A4: O1778181271965 | B4: C1768659646212 | C4: العرض الاول كيلو رجول دجاج | D4: فاطمة جودة | E4: 0509795823 | F4: 46149.968 | G4: تم التحديث | H4: 46149.969
A5: O1778181414953 | B5: C1770385273612 | C5: الغاء الطلب | D5: عادل | E5: 0523345200 | F5: 46149.97 | G5: تم التحديث | H5: 46150.368
A6: O1778181744529 | B6: C1776965163503 | C6: اي عرض من العروض الجاية بسعر ٩٩ درهم فقط🤩 *العرض الاول* بطاية 🦆 وفرختين بلدي 🐓 وجوز حمام 🦅 *العرض الرابع* ٦ فرخات وزن من كيلو و١٠٠ الى كيلو و٢٠٠ | D6: Salah Ismail | E6: 0559290905 | F6: 46149.974 | G6: تم التحديث | H6: 46151.601
A7: O1778182026351 | B7: C1778181837755 | C7: عرض من العرض الثاني عرض من العرض الرابع | D7: هاجر السيد | E7: 0508168275 | F7: 46149.977 | G7: تم التحديث | H7: 46151.614
A8: O1778182545115 | B8: C1777051281174 | C8: محتاج العرض التاني والاخير | D8: محمود محمد طلبة | E8: 0503949363 | F8: 46149.983 | G8: تم التحديث | H8: 46151.629
A9: O1778183157479 | B9: C1768749793555 | C9: عاوزة 2 عرض ابيض متقطع اربع أرباع والخمس فرخات البلدي (2 عرض ) عرض البطة | D9: هند المنشاوي | E9: 0559730049 | F9: 46149.99 | G9: تم التحديث | H9: 46151.562
A10: O1778183407458 | B10: C1777064176826 | C10: العرض الاول عدد ٢ عرض من بطايه ، فرختين بلدي ، جوز حمام | D10: كيرولس جورج | E10: 0559463854 | F10: 46149.993 | G10: تم التحديث | H10: 46151.67
A11: O1778183649993 | B11: C1769418398389 | C11: 2عروض فراخ بيضه 2طبق بيض بلدى | D11: ام عمر | E11: 0506692477 | F11: 46149.996 | G11: تم التحديث | H11: 46151.697
A12: O1778185848851 | B12: C1770317721268 | C12: عرض بطاية وفرختين بلدى وجوزين حمام عرضين من 6 فرخات وزن كيلو ١٠٠ الى كيلو 200 عرض خمس فرد حمام | D12: زياد أحمد | E12: 0509093329 | F12: 46150.021 | G12: جديد | H12: 46150.021
A13: O1778186808267 | B13: C1768662948033 | C13: 1عرض صدور الدجاج والاجنحة والشيش 1عرض فراخ بلدي | D13: علي الجالي | E13: 0505837318 | F13: 46150.032 | G13: تم التحديث | H13: 46151.631
... A48: O1778336379826 | B48: C1770303917569 | C48: عرض ال ٦ دجاجات أبيض عرض ال ٥ دجاجات بلدي شمورت | D48: Ahmed Gamal | E48: 0589634511 | F48: 46151.764 | G48: جديد | H48: 46151.764
A52: OrderID | B52: CustomerID | C52: Items | D52: Name | E52: Phone | F52: OrderDate | G52: Status | H52: OrderDate
A53: O1778417262766 | B53: C1776615694319 | C53: 5 فراخ ابيض ١٢٠٠غ | D53: Zahra | E53: 0542458946 | F53: 46152.7 | G53: جديد | H53: 46152.7 | J53: https://www.google.com/maps?q=24.380355,54.6460511 | O53: fayoumi
A54: O1778433692253 | B54: C1778263906753 | C54: ١٠ حمامات ٢ فراخ بلدي ١ فرخه شامورت | D54: Mona | E54: 0541785006 | F54: 46152.89 | G54: جديد | H54: 46152.89 | J54: https://www.google.com/maps?q=24.4754124,54.3880134 | O54: fayoumi
A55: O1778564548988 | B55: C1771737125873 | C55: 5 فرخات أبيض وزن 1200 جرام، إجمالي 100 درهم 😅 دي أول مرة أطلب، يارب تكون فعلًا بالجودة اللي بسمع عنها 🙏 | D55: Alamir | E55: 0508775811 | F55: 46154.404 | G55: جديد | H55: 46154.404 | J55: https://www.google.com/maps?q=24.44315019038772,54.42298411154397 | O55: fayoumi
A56: O1778661451604 | B56: C1774869491145 | C56: فراخ 🐓 بيضاء عدد 5 وزن 1400 جرام. فراخ 🐓 بيضاء عدد 5 وزن 900 او 1000 جرام. 3 كيلو صدور بانية بدون تقطيع و بدون عضم. سيتم مراجعة الأوزان قبل الاستلام. | D56: Eslam ali | E56: 0509031568 | F56: 46155.526 | G56: جديد | H56: 46155.526 | J56: https://www.google.com/maps?q=24.348643293274797,54.748416251520965 | O56: fayoumi
A57: O1778665811157 | B57: C1776884700619 | C57: عدد ١٠ دجاجات وزن ١٢٠٠ سعر الدجاجه ٢٠ درهم كل دجاجه لحالها | D57: ملك عمرو | E57: 0523020946 | F57: 46155.576 | G57: جديد | H57: 46155.576 | J57: https://www.google.com/maps?q=24.476906066431106,54.367972972393915 | O57: fayoumi
A58: O1778666193700 | B58: C1768658567561 | C58: ٦ فرخات ابيض وزن ١٢٠٠ | D58: ريهام احمد | E58: 0525336427 | F58: 46155.581 | G58: جديد | H58: 46155.581 | J58: https://www.google.com/maps?q=24.48040447704474,54.38423241719683 | O58: fayoumi
A59: O1778681388739 | B59: C1769279012511 | C59: 5 فرخات أبيضه وزن 1500-1600 ياريت الأوزان مظبوطه لأنو المره الماضيه جت قليله كتير عن المطلوب وشكرا | D59: مليكه محمد | E59: 0524090583 | F59: 46155.757 | G59: جديد | H59: 46155.757 | J59: https://www.google.com/maps?q=24.380387973967807,54.64621270468212 | O59: fayoumi
A60: O1778692647640 | B60: C1768765714310 | C60: ١ دجاجة (٢٣) نص دبابيس نص اجنحة جوز حمام ابيض نص شيش | D60: ايه احمد | E60: 0566426550 | F60: 46155.887 | G60: جديد | H60: 46155.887 | J60: https://www.google.com/maps?q=24.374748317474157,54.629622589779984 | O60: fayoumi
A61: O1778692993345 | B61: C1768681153002 | C61: فرختين بيضة كل واحده متقسمه اربعه الواحده كيلو ونص ٢كيلو صدور فراخ مخليه من العظم جوز حمام متنظف جاهز عالحشو | D61: مريم رشدى | E61: 0503049782 | F61: 46155.891 | G61: جديد | H61: 46155.891 | J61: https://www.google.com/maps?q=24.420550506051583,54.46312538079711 | O61: fayoumi
A62: O1778697580549 | B62: C1777709650033 | C62: 10 فرخات ١٢٠٠ جرام ٤ كيلو بانيه ( كل نصف كيلو في طبق) | D62: رانا يسري حسن | E62: 0501211349 | F62: 46155.944 | G62: جديد | H62: 46155.944 | J62: https://www.google.com/maps?q=24.450063396978898,54.61462615166343 | O62: fayoumi
A63: O1778700807625 | B63: C1778612911581 | C63: 2 ديك عتاقي 2 دجاج ابيض 1300الي 1400 جوز حمام | D63: Enas | E63: 0555933967 | F63: 46155.982 | G63: جديد | H63: 46155.982 | J63: https://www.google.com/maps?q=24.498371,54.4051157 | O63: fayoumi
A64: O1778702794842 | B64: C1771826252989 | C64: ١ ك فراخ بانيه ١ك صدور بالعظم نص ك حمام كداب | D64: Mai Hamed | E64: 0563043990 | F64: 46156.005 | G64: جديد | H64: 46156.005 | J64: https://www.google.com/maps?q=24.47534554101265,54.351213039110156 | O64: fayoumi
A65: O1778756232207 | B65: C1768653088625 | C65: كيلو صدور دجاج كاملة بدون عضم ٢ كيلو اوراك 1 كيلو كبد دجاج بدون اوناصه، فقط كبد كل نص كيلو لوحده فرختين ابيض وزن كيلو ونص الى كيلو ٦٠٠ | D65: Jasmine Behery | E65: 0529157624 | F65: 46156.623 | G65: جديد | H65: 46156.623 | J65: https://www.google.com/maps?q=24.488376387234172,54.36703744083892 | O65: fayoumi
